order_id;token_id;image_url;type2;amount_sold;updated_timestamp
207756207;79225;https://res.cloudinary.com/nenvy-llc/image/upload/f_auto,q_25,c_scale,w_194/f_auto,q_25,c_scale,w_194,u_veefriends:specials:book:hologram:patience-helps-you-get-fed-instead-of-slaughtered.jpg/v1/veefriends/specials/book/frames/granite.png;ETH;0.11825;2022-06-12T01:13:36.368049Z
207756132;79237;https://res.cloudinary.com/nenvy-llc/image/upload/f_auto,q_25,c_scale,w_194/f_auto,q_25,c_scale,w_194,u_veefriends:specials:book:hologram:humility-is-delicious.jpg/v1/veefriends/specials/book/frames/silver.png;ETH;0.11825;2022-06-12T02:13:53.087025Z
207710800;4360;https://res.cloudinary.com/nenvy-llc/image/upload/f_auto,q_25,c_scale,w_194/f_auto,q_25,c_scale,w_194,u_veefriends:specials:book:lava:humility-is-delicious.jpg/v1/veefriends/specials/book/frames/champagne.png;ETH;0.8815;2022-06-12T02:20:56.143031Z
207756289;79229;https://res.cloudinary.com/nenvy-llc/image/upload/f_auto,q_25,c_scale,w_194/f_auto,q_25,c_scale,w_194,u_veefriends:specials:book:gold:tenacity-helps-you-get-there.jpg/v1/veefriends/specials/book/frames/black.png;ETH;0.108575;2022-06-12T03:20:20.010884Z
207402463;91027;https://res.cloudinary.com/nenvy-llc/image/upload/f_auto,q_25,c_scale,w_194/f_auto,q_25,c_scale,w_194,u_veefriends:specials:book:diamond:empathy-drink-it.jpg/v1/veefriends/specials/book/frames/rainbow.png;ETH;0.1541163752;2022-06-12T03:31:47.323923Z
207046518;49276;https://res.cloudinary.com/nenvy-llc/image/upload/f_auto,q_25,c_scale,w_194/f_auto,q_25,c_scale,w_194,u_veefriends:specials:book:gold:tenacity-helps-you-get-there.jpg/v1/veefriends/specials/book/frames/gold.png;ETH;0.132225;2022-06-12T09:17:28.041018Z
207793042;53971;https://res.cloudinary.com/nenvy-llc/image/upload/f_auto,q_25,c_scale,w_194/f_auto,q_25,c_scale,w_194,u_veefriends:specials:book:hologram:kind-fucking-candor.jpg/v1/veefriends/specials/book/frames/gold.png;ETH;0.1376;2022-06-12T09:17:47.794998Z
207772826;100294;https://res.cloudinary.com/nenvy-llc/image/upload/f_auto,q_25,c_scale,w_194/f_auto,q_25,c_scale,w_194,u_veefriends:specials:book:lava:empathy-drink-it.jpg/v1/veefriends/specials/book/frames/black.png;ETH;0.1075;2022-06-12T12:32:59.552937Z
207772877;81430;https://res.cloudinary.com/nenvy-llc/image/upload/f_auto,q_25,c_scale,w_194/f_auto,q_25,c_scale,w_194,u_veefriends:specials:book:lava:love-of-optimism.jpg/v1/veefriends/specials/book/frames/silver.png;ETH;0.1075;2022-06-12T12:33:13.591507Z
207842157;22635;https://res.cloudinary.com/nenvy-llc/image/upload/f_auto,q_25,c_scale,w_194/f_auto,q_25,c_scale,w_194,u_veefriends:specials:book:lava:love-of-optimism.jpg/v1/veefriends/specials/book/frames/wood.png;ETH;0.1075;2022-06-12T12:33:26.147813Z
207707147;38084;https://res.cloudinary.com/nenvy-llc/image/upload/f_auto,q_25,c_scale,w_194/f_auto,q_25,c_scale,w_194,u_veefriends:specials:book:bubble:kindness-over-everything.jpg/v1/veefriends/specials/book/frames/gold.png;ETH;0.112875;2022-06-12T12:55:14.959135Z
207755789;64999;https://res.cloudinary.com/nenvy-llc/image/upload/f_auto,q_25,c_scale,w_194/f_auto,q_25,c_scale,w_194,u_veefriends:specials:book:lava:patience-helps-you-get-fed-instead-of-slaughtered.jpg/v1/veefriends/specials/book/frames/wood.png;ETH;0.108575;2022-06-12T12:55:31.126292Z
207755736;45346;https://res.cloudinary.com/nenvy-llc/image/upload/f_auto,q_25,c_scale,w_194/f_auto,q_25,c_scale,w_194,u_veefriends:specials:book:lava:patience-helps-you-get-fed-instead-of-slaughtered.jpg/v1/veefriends/specials/book/frames/wood.png;ETH;0.108575;2022-06-12T12:55:42.620102Z
207755691;3462;https://res.cloudinary.com/nenvy-llc/image/upload/f_auto,q_25,c_scale,w_194/f_auto,q_25,c_scale,w_194,u_veefriends:specials:book:lava:patience-helps-you-get-fed-instead-of-slaughtered.jpg/v1/veefriends/specials/book/frames/wood.png;ETH;0.108575;2022-06-12T12:55:55.970818Z
207755641;117999;https://res.cloudinary.com/nenvy-llc/image/upload/f_auto,q_25,c_scale,w_194/f_auto,q_25,c_scale,w_194,u_veefriends:specials:book:lava:patience-helps-you-get-fed-instead-of-slaughtered.jpg/v1/veefriends/specials/book/frames/wood.png;ETH;0.108575;2022-06-12T12:56:06.116382Z
207755562;114590;https://res.cloudinary.com/nenvy-llc/image/upload/f_auto,q_25,c_scale,w_194/f_auto,q_25,c_scale,w_194,u_veefriends:specials:book:lava:patience-helps-you-get-fed-instead-of-slaughtered.jpg/v1/veefriends/specials/book/frames/wood.png;ETH;0.108575;2022-06-12T12:56:16.219974Z
207902464;66664;https://res.cloudinary.com/nenvy-llc/image/upload/f_auto,q_25,c_scale,w_194/f_auto,q_25,c_scale,w_194,u_veefriends:specials:book:hologram:kind-fucking-candor.jpg/v1/veefriends/specials/book/frames/galaxy.png;ETH;0.215;2022-06-12T16:22:43.037295Z
207090968;12187;https://res.cloudinary.com/nenvy-llc/image/upload/f_auto,q_25,c_scale,w_194/f_auto,q_25,c_scale,w_194,u_veefriends:specials:book:gold:ambition-at-the-highest-level.jpg/v1/veefriends/specials/book/frames/marble.png;ETH;0.11825;2022-06-12T17:45:31.419354Z
206319598;47521;https://res.cloudinary.com/nenvy-llc/image/upload/f_auto,q_25,c_scale,w_194/f_auto,q_25,c_scale,w_194,u_veefriends:specials:book:lava:tenacity-helps-you-get-there.jpg/v1/veefriends/specials/book/frames/emerald.png;ETH;0.3225;2022-06-12T17:46:32.515426Z
207091051;118940;https://res.cloudinary.com/nenvy-llc/image/upload/f_auto,q_25,c_scale,w_194/f_auto,q_25,c_scale,w_194,u_veefriends:specials:book:bubble:humility-is-delicious.jpg/v1/veefriends/specials/book/frames/marble.png;ETH;0.11825;2022-06-12T17:47:25.132654Z
206724153;108996;https://res.cloudinary.com/nenvy-llc/image/upload/f_auto,q_25,c_scale,w_194/f_auto,q_25,c_scale,w_194,u_veefriends:specials:book:lava:empathy-drink-it.jpg/v1/veefriends/specials/book/frames/marble.png;ETH;0.11395;2022-06-12T17:48:49.530769Z
206724232;116169;https://res.cloudinary.com/nenvy-llc/image/upload/f_auto,q_25,c_scale,w_194/f_auto,q_25,c_scale,w_194,u_veefriends:specials:book:lava:humility-is-delicious.jpg/v1/veefriends/specials/book/frames/marble.png;ETH;0.11395;2022-06-12T17:49:05.742091Z
207871454;15174;https://res.cloudinary.com/nenvy-llc/image/upload/f_auto,q_25,c_scale,w_194/f_auto,q_25,c_scale,w_194,u_veefriends:specials:book:hologram:koala-2025.jpg/v1/veefriends/specials/book/frames/gold.png;ETH;3.06375;2022-06-12T18:12:10.174227Z
207925753;50871;https://res.cloudinary.com/nenvy-llc/image/upload/f_auto,q_25,c_scale,w_194/f_auto,q_25,c_scale,w_194,u_veefriends:specials:book:diamond:humility-is-delicious.jpg/v1/veefriends/specials/book/frames/marble.png;ETH;0.1102305;2022-06-12T19:30:49.711805Z
207091209;35597;https://res.cloudinary.com/nenvy-llc/image/upload/f_auto,q_25,c_scale,w_194/f_auto,q_25,c_scale,w_194,u_veefriends:specials:book:bubble:patience-helps-you-get-fed-instead-of-slaughtered.jpg/v1/veefriends/specials/book/frames/marble.png;ETH;0.11825;2022-06-13T02:10:16.662771Z
207937060;35739;https://res.cloudinary.com/nenvy-llc/image/upload/f_auto,q_25,c_scale,w_194/f_auto,q_25,c_scale,w_194,u_veefriends:specials:book:lava:patience-helps-you-get-fed-instead-of-slaughtered.jpg/v1/veefriends/specials/book/frames/gold.png;ETH;0.1104025;2022-06-13T02:51:59.016795Z
207904755;84347;https://res.cloudinary.com/nenvy-llc/image/upload/f_auto,q_25,c_scale,w_194/f_auto,q_25,c_scale,w_194,u_veefriends:specials:book:bubble:kindness-over-everything.jpg/v1/veefriends/specials/book/frames/silver.png;ETH;0.1118;2022-06-13T02:52:24.68701Z
207904834;84330;https://res.cloudinary.com/nenvy-llc/image/upload/f_auto,q_25,c_scale,w_194/f_auto,q_25,c_scale,w_194,u_veefriends:specials:book:gold:kind-fucking-candor.jpg/v1/veefriends/specials/book/frames/silver.png;ETH;0.1118;2022-06-13T02:52:58.679719Z
207890833;42783;https://res.cloudinary.com/nenvy-llc/image/upload/f_auto,q_25,c_scale,w_194/f_auto,q_25,c_scale,w_194,u_veefriends:specials:book:gold:self-awa.jpg/v1/veefriends/specials/book/frames/silver.png;ETH;0.112875;2022-06-13T02:53:16.952365Z
207973121;72358;https://res.cloudinary.com/nenvy-llc/image/upload/f_auto,q_25,c_scale,w_194/f_auto,q_25,c_scale,w_194,u_veefriends:specials:book:bubble:curiosity-see-it-through.jpg/v1/veefriends/specials/book/frames/silver.png;ETH;0.117175;2022-06-13T02:53:38.016876Z
207973208;96492;https://res.cloudinary.com/nenvy-llc/image/upload/f_auto,q_25,c_scale,w_194/f_auto,q_25,c_scale,w_194,u_veefriends:specials:book:lava:empathy-drink-it.jpg/v1/veefriends/specials/book/frames/silver.png;ETH;0.117175;2022-06-13T02:53:57.312388Z
208011590;118720;https://res.cloudinary.com/nenvy-llc/image/upload/f_auto,q_25,c_scale,w_194/f_auto,q_25,c_scale,w_194,u_veefriends:specials:book:bubble:kind-fucking-candor.jpg/v1/veefriends/specials/book/frames/rainbow.png;ETH;0.145125;2022-06-13T04:28:46.319769Z
208011819;87308;https://res.cloudinary.com/nenvy-llc/image/upload/f_auto,q_25,c_scale,w_194/f_auto,q_25,c_scale,w_194,u_veefriends:specials:book:diamond:self-awa.jpg/v1/veefriends/specials/book/frames/rainbow.png;ETH;0.1505;2022-06-13T04:32:19.54717Z
208019817;3586;https://res.cloudinary.com/nenvy-llc/image/upload/f_auto,q_25,c_scale,w_194/f_auto,q_25,c_scale,w_194,u_veefriends:specials:book:lava:kind-fucking-candor.jpg/v1/veefriends/specials/book/frames/black.png;ETH;0.1075;2022-06-13T04:53:30.802315Z
208022321;23395;https://res.cloudinary.com/nenvy-llc/image/upload/f_auto,q_25,c_scale,w_194/f_auto,q_25,c_scale,w_194,u_veefriends:specials:book:diamond:curiosity-see-it-through.jpg/v1/veefriends/specials/book/frames/clear.png;ETH;0.0989;2022-06-13T05:20:09.824203Z
205937869;117083;https://res.cloudinary.com/nenvy-llc/image/upload/f_auto,q_25,c_scale,w_194/f_auto,q_25,c_scale,w_194,u_veefriends:specials:book:bubble:humility-is-delicious.jpg/v1/veefriends/specials/book/frames/granite.png;ETH;0.127925;2022-06-13T05:49:08.813323Z
208012107;70331;https://res.cloudinary.com/nenvy-llc/image/upload/f_auto,q_25,c_scale,w_194/f_auto,q_25,c_scale,w_194,u_veefriends:specials:book:bubble:patience-helps-you-get-fed-instead-of-slaughtered.jpg/v1/veefriends/specials/book/frames/gold.png;ETH;0.10965;2022-06-13T06:16:18.8324Z
207828925;990;https://res.cloudinary.com/nenvy-llc/image/upload/f_auto,q_25,c_scale,w_194/f_auto,q_25,c_scale,w_194,u_veefriends:specials:book:gold:self-awa.jpg/v1/veefriends/specials/book/frames/rainbow.png;ETH;0.16125;2022-06-13T12:07:00.072736Z
208081946;5743;https://res.cloudinary.com/nenvy-llc/image/upload/f_auto,q_25,c_scale,w_194/f_auto,q_25,c_scale,w_194,u_veefriends:specials:book:lava:conviction-helps-you-grow.jpg/v1/veefriends/specials/book/frames/granite.png;ETH;0.26875;2022-06-13T12:21:33.106415Z
207745787;116825;https://res.cloudinary.com/nenvy-llc/image/upload/f_auto,q_25,c_scale,w_194/f_auto,q_25,c_scale,w_194,u_veefriends:specials:book:diamond:conviction-helps-you-grow.jpg/v1/veefriends/specials/book/frames/wood.png;ETH;0.387;2022-06-13T12:21:59.637332Z
208073070;50170;https://res.cloudinary.com/nenvy-llc/image/upload/f_auto,q_25,c_scale,w_194/f_auto,q_25,c_scale,w_194,u_veefriends:specials:book:bubble:empathy-drink-it.jpg/v1/veefriends/specials/book/frames/clear.png;ETH;0.108575;2022-06-13T12:29:08.417295Z
208073008;51535;https://res.cloudinary.com/nenvy-llc/image/upload/f_auto,q_25,c_scale,w_194/f_auto,q_25,c_scale,w_194,u_veefriends:specials:book:diamond:humility-is-delicious.jpg/v1/veefriends/specials/book/frames/silver.png;ETH;0.10965;2022-06-13T12:30:55.509776Z
208073128;50173;https://res.cloudinary.com/nenvy-llc/image/upload/f_auto,q_25,c_scale,w_194/f_auto,q_25,c_scale,w_194,u_veefriends:specials:book:gold:kind-fucking-candor.jpg/v1/veefriends/specials/book/frames/black.png;ETH;0.1118;2022-06-13T12:31:38.604205Z
206716408;77382;https://res.cloudinary.com/nenvy-llc/image/upload/f_auto,q_25,c_scale,w_194/f_auto,q_25,c_scale,w_194,u_veefriends:specials:book:gold:your-ability-to-be-accountable-counts.jpg/v1/veefriends/specials/book/frames/black.png;ETH;0.11825;2022-06-13T12:32:18.736009Z
206716477;43580;https://res.cloudinary.com/nenvy-llc/image/upload/f_auto,q_25,c_scale,w_194/f_auto,q_25,c_scale,w_194,u_veefriends:specials:book:gold:self-awa.jpg/v1/veefriends/specials/book/frames/black.png;ETH;0.11825;2022-06-13T12:33:14.662987Z
208073201;50175;https://res.cloudinary.com/nenvy-llc/image/upload/f_auto,q_25,c_scale,w_194/f_auto,q_25,c_scale,w_194,u_veefriends:specials:book:lava:kind-fucking-candor.jpg/v1/veefriends/specials/book/frames/granite.png;ETH;0.10965;2022-06-13T12:45:00.737251Z
207699455;91051;https://res.cloudinary.com/nenvy-llc/image/upload/f_auto,q_25,c_scale,w_194/f_auto,q_25,c_scale,w_194,u_veefriends:specials:book:gold:ambition-at-the-highest-level.jpg/v1/veefriends/specials/book/frames/gold.png;ETH;0.1238479335;2022-06-13T13:14:52.816004Z
208073160;50174;https://res.cloudinary.com/nenvy-llc/image/upload/f_auto,q_25,c_scale,w_194/f_auto,q_25,c_scale,w_194,u_veefriends:specials:book:gold:kind-fucking-candor.jpg/v1/veefriends/specials/book/frames/silver.png;ETH;0.1123375;2022-06-13T14:09:12.229128Z
207091328;62806;https://res.cloudinary.com/nenvy-llc/image/upload/f_auto,q_25,c_scale,w_194/f_auto,q_25,c_scale,w_194,u_veefriends:specials:book:lava:your-ability-to-be-accountable-counts.jpg/v1/veefriends/specials/book/frames/marble.png;ETH;0.11825;2022-06-13T14:47:13.686063Z
207091169;38102;https://res.cloudinary.com/nenvy-llc/image/upload/f_auto,q_25,c_scale,w_194/f_auto,q_25,c_scale,w_194,u_veefriends:specials:book:lava:love-of-optimism.jpg/v1/veefriends/specials/book/frames/marble.png;ETH;0.11825;2022-06-13T14:47:25.232044Z
207091082;78003;https://res.cloudinary.com/nenvy-llc/image/upload/f_auto,q_25,c_scale,w_194/f_auto,q_25,c_scale,w_194,u_veefriends:specials:book:lava:humility-is-delicious.jpg/v1/veefriends/specials/book/frames/marble.png;ETH;0.11825;2022-06-13T14:47:34.429444Z
207091013;87373;https://res.cloudinary.com/nenvy-llc/image/upload/f_auto,q_25,c_scale,w_194/f_auto,q_25,c_scale,w_194,u_veefriends:specials:book:bubble:empathy-drink-it.jpg/v1/veefriends/specials/book/frames/marble.png;ETH;0.11825;2022-06-13T14:47:43.41493Z
207038036;93473;https://res.cloudinary.com/nenvy-llc/image/upload/f_auto,q_25,c_scale,w_194/f_auto,q_25,c_scale,w_194,u_veefriends:specials:book:lava:self-awa.jpg/v1/veefriends/specials/book/frames/granite.png;ETH;0.11825;2022-06-13T14:47:54.483611Z
207973321;39936;https://res.cloudinary.com/nenvy-llc/image/upload/f_auto,q_25,c_scale,w_194/f_auto,q_25,c_scale,w_194,u_veefriends:specials:book:diamond:kind-fucking-candor.jpg/v1/veefriends/specials/book/frames/silver.png;ETH;0.117175;2022-06-13T14:48:05.265496Z
207973290;96212;https://res.cloudinary.com/nenvy-llc/image/upload/f_auto,q_25,c_scale,w_194/f_auto,q_25,c_scale,w_194,u_veefriends:specials:book:diamond:empathy-drink-it.jpg/v1/veefriends/specials/book/frames/silver.png;ETH;0.117175;2022-06-13T14:48:14.623965Z
207973256;62599;https://res.cloudinary.com/nenvy-llc/image/upload/f_auto,q_25,c_scale,w_194/f_auto,q_25,c_scale,w_194,u_veefriends:specials:book:lava:curiosity-see-it-through.jpg/v1/veefriends/specials/book/frames/silver.png;ETH;0.117175;2022-06-13T14:48:23.411762Z
208087747;102468;https://res.cloudinary.com/nenvy-llc/image/upload/f_auto,q_25,c_scale,w_194/f_auto,q_25,c_scale,w_194,u_veefriends:specials:book:gold:curiosity-see-it-through.jpg/v1/veefriends/specials/book/frames/wood.png;ETH;0.1161;2022-06-13T14:48:34.429762Z
208051687;8300;https://res.cloudinary.com/nenvy-llc/image/upload/f_auto,q_25,c_scale,w_194/f_auto,q_25,c_scale,w_194,u_veefriends:specials:book:diamond:humility-is-delicious.jpg/v1/veefriends/specials/book/frames/silver.png;ETH;0.112875;2022-06-13T14:48:45.63879Z
208051543;94217;https://res.cloudinary.com/nenvy-llc/image/upload/f_auto,q_25,c_scale,w_194/f_auto,q_25,c_scale,w_194,u_veefriends:specials:book:diamond:patience-helps-you-get-fed-instead-of-slaughtered.jpg/v1/veefriends/specials/book/frames/silver.png;ETH;0.112875;2022-06-13T14:48:54.267618Z
208051151;107593;https://res.cloudinary.com/nenvy-llc/image/upload/f_auto,q_25,c_scale,w_194/f_auto,q_25,c_scale,w_194,u_veefriends:specials:book:diamond:empathy-drink-it.jpg/v1/veefriends/specials/book/frames/silver.png;ETH;0.112875;2022-06-13T14:49:02.801505Z
208104408;24419;https://res.cloudinary.com/nenvy-llc/image/upload/f_auto,q_25,c_scale,w_194/f_auto,q_25,c_scale,w_194,u_veefriends:specials:book:bubble:empathy-drink-it.jpg/v1/veefriends/specials/book/frames/clear.png;ETH;0.1166375;2022-06-13T15:57:52.916869Z
208104481;15172;https://res.cloudinary.com/nenvy-llc/image/upload/f_auto,q_25,c_scale,w_194/f_auto,q_25,c_scale,w_194,u_veefriends:specials:book:diamond:humility-is-delicious.jpg/v1/veefriends/specials/book/frames/clear.png;ETH;0.1166375;2022-06-13T15:58:17.112361Z
208104524;115421;https://res.cloudinary.com/nenvy-llc/image/upload/f_auto,q_25,c_scale,w_194/f_auto,q_25,c_scale,w_194,u_veefriends:specials:book:lava:love-of-optimism.jpg/v1/veefriends/specials/book/frames/clear.png;ETH;0.1166375;2022-06-13T15:58:44.4042Z
208104575;1299;https://res.cloudinary.com/nenvy-llc/image/upload/f_auto,q_25,c_scale,w_194/f_auto,q_25,c_scale,w_194,u_veefriends:specials:book:bubble:patience-helps-you-get-fed-instead-of-slaughtered.jpg/v1/veefriends/specials/book/frames/clear.png;ETH;0.1166375;2022-06-13T15:59:08.340255Z
208104619;25009;https://res.cloudinary.com/nenvy-llc/image/upload/f_auto,q_25,c_scale,w_194/f_auto,q_25,c_scale,w_194,u_veefriends:specials:book:lava:your-ability-to-be-accountable-counts.jpg/v1/veefriends/specials/book/frames/clear.png;ETH;0.1166375;2022-06-13T15:59:39.439867Z
207200873;47365;https://res.cloudinary.com/nenvy-llc/image/upload/f_auto,q_25,c_scale,w_194/f_auto,q_25,c_scale,w_194,u_veefriends:specials:book:bubble:empathy-drink-it.jpg/v1/veefriends/specials/book/frames/marble.png;ETH;0.11825;2022-06-13T16:00:04.530922Z
207232828;87285;https://res.cloudinary.com/nenvy-llc/image/upload/f_auto,q_25,c_scale,w_194/f_auto,q_25,c_scale,w_194,u_veefriends:specials:book:lava:empathy-drink-it.jpg/v1/veefriends/specials/book/frames/gold.png;ETH;0.11825;2022-06-13T16:00:31.143375Z
207721949;100591;https://res.cloudinary.com/nenvy-llc/image/upload/f_auto,q_25,c_scale,w_194/f_auto,q_25,c_scale,w_194,u_veefriends:specials:book:lava:ambition-at-the-highest-level.jpg/v1/veefriends/specials/book/frames/gold.png;ETH;0.11825;2022-06-13T16:00:54.777559Z
207736089;87910;https://res.cloudinary.com/nenvy-llc/image/upload/f_auto,q_25,c_scale,w_194/f_auto,q_25,c_scale,w_194,u_veefriends:specials:book:gold:love-of-optimism.jpg/v1/veefriends/specials/book/frames/black.png;ETH;0.11825;2022-06-13T16:06:20.643072Z
207756358;79262;https://res.cloudinary.com/nenvy-llc/image/upload/f_auto,q_25,c_scale,w_194/f_auto,q_25,c_scale,w_194,u_veefriends:specials:book:bubble:your-ability-to-be-accountable-counts.jpg/v1/veefriends/specials/book/frames/granite.png;ETH;0.11825;2022-06-13T16:06:46.466984Z
208116700;39397;https://res.cloudinary.com/nenvy-llc/image/upload/f_auto,q_25,c_scale,w_194/f_auto,q_25,c_scale,w_194,u_veefriends:specials:book:gold:tenacity-helps-you-get-there.jpg/v1/veefriends/specials/book/frames/silver.png;ETH;0.11825;2022-06-13T16:57:43.559365Z
208116671;39390;https://res.cloudinary.com/nenvy-llc/image/upload/f_auto,q_25,c_scale,w_194/f_auto,q_25,c_scale,w_194,u_veefriends:specials:book:gold:self-awa.jpg/v1/veefriends/specials/book/frames/silver.png;ETH;0.11825;2022-06-13T16:58:01.75035Z
207965247;59394;https://res.cloudinary.com/nenvy-llc/image/upload/f_auto,q_25,c_scale,w_194/f_auto,q_25,c_scale,w_194,u_veefriends:specials:book:lava:curiosity-see-it-through.jpg/v1/veefriends/specials/book/frames/wood.png;ETH;0.11825;2022-06-13T17:13:13.780619Z
207965300;53048;https://res.cloudinary.com/nenvy-llc/image/upload/f_auto,q_25,c_scale,w_194/f_auto,q_25,c_scale,w_194,u_veefriends:specials:book:lava:your-ability-to-be-accountable-counts.jpg/v1/veefriends/specials/book/frames/silver.png;ETH;0.11825;2022-06-13T17:13:43.525928Z
207965637;107214;https://res.cloudinary.com/nenvy-llc/image/upload/f_auto,q_25,c_scale,w_194/f_auto,q_25,c_scale,w_194,u_veefriends:specials:book:lava:ambition-at-the-highest-level.jpg/v1/veefriends/specials/book/frames/silver.png;ETH;0.11825;2022-06-13T17:13:58.275758Z
207973438;62396;https://res.cloudinary.com/nenvy-llc/image/upload/f_auto,q_25,c_scale,w_194/f_auto,q_25,c_scale,w_194,u_veefriends:specials:book:bubble:curiosity-see-it-through.jpg/v1/veefriends/specials/book/frames/black.png;ETH;0.11825;2022-06-13T17:14:13.883569Z
207973492;62953;https://res.cloudinary.com/nenvy-llc/image/upload/f_auto,q_25,c_scale,w_194/f_auto,q_25,c_scale,w_194,u_veefriends:specials:book:diamond:empathy-drink-it.jpg/v1/veefriends/specials/book/frames/black.png;ETH;0.11825;2022-06-13T17:14:26.55701Z
208116402;39398;https://res.cloudinary.com/nenvy-llc/image/upload/f_auto,q_25,c_scale,w_194/f_auto,q_25,c_scale,w_194,u_veefriends:specials:book:gold:ambition-at-the-highest-level.jpg/v1/veefriends/specials/book/frames/wood.png;ETH;0.11825;2022-06-13T17:14:40.878303Z
208116435;39402;https://res.cloudinary.com/nenvy-llc/image/upload/f_auto,q_25,c_scale,w_194/f_auto,q_25,c_scale,w_194,u_veefriends:specials:book:lava:empathy-drink-it.jpg/v1/veefriends/specials/book/frames/granite.png;ETH;0.11825;2022-06-13T17:14:55.466726Z
208116505;39394;https://res.cloudinary.com/nenvy-llc/image/upload/f_auto,q_25,c_scale,w_194/f_auto,q_25,c_scale,w_194,u_veefriends:specials:book:lava:humility-is-delicious.jpg/v1/veefriends/specials/book/frames/gold.png;ETH;0.11825;2022-06-13T17:15:06.424296Z
208116421;39403;https://res.cloudinary.com/nenvy-llc/image/upload/f_auto,q_25,c_scale,w_194/f_auto,q_25,c_scale,w_194,u_veefriends:specials:book:bubble:curiosity-see-it-through.jpg/v1/veefriends/specials/book/frames/gold.png;ETH;0.119325;2022-06-13T17:15:30.119741Z
208116559;39385;https://res.cloudinary.com/nenvy-llc/image/upload/f_auto,q_25,c_scale,w_194/f_auto,q_25,c_scale,w_194,u_veefriends:specials:book:lava:kindness-over-everything.jpg/v1/veefriends/specials/book/frames/silver.png;ETH;0.119325;2022-06-13T17:15:44.051678Z
208116606;39407;https://res.cloudinary.com/nenvy-llc/image/upload/f_auto,q_25,c_scale,w_194/f_auto,q_25,c_scale,w_194,u_veefriends:specials:book:lava:love-of-optimism.jpg/v1/veefriends/specials/book/frames/gold.png;ETH;0.119444325;2022-06-13T17:15:56.181497Z
207965514;90567;https://res.cloudinary.com/nenvy-llc/image/upload/f_auto,q_25,c_scale,w_194/f_auto,q_25,c_scale,w_194,u_veefriends:specials:book:bubble:empathy-drink-it.jpg/v1/veefriends/specials/book/frames/silver.png;ETH;0.1204;2022-06-13T17:16:08.961387Z
208116469;39433;https://res.cloudinary.com/nenvy-llc/image/upload/f_auto,q_25,c_scale,w_194/f_auto,q_25,c_scale,w_194,u_veefriends:specials:book:diamond:empathy-drink-it.jpg/v1/veefriends/specials/book/frames/silver.png;ETH;0.1204;2022-06-13T17:16:45.436782Z
206314502;23740;https://res.cloudinary.com/nenvy-llc/image/upload/f_auto,q_25,c_scale,w_194/f_auto,q_25,c_scale,w_194,u_veefriends:specials:book:gold:empathy-drink-it.jpg/v1/veefriends/specials/book/frames/silver.png;ETH;0.12255;2022-06-13T17:17:03.91988Z
208101875;82181;https://res.cloudinary.com/nenvy-llc/image/upload/f_auto,q_25,c_scale,w_194/f_auto,q_25,c_scale,w_194,u_veefriends:specials:book:lava:kind-fucking-candor.jpg/v1/veefriends/specials/book/frames/fur.png;ETH;0.124000175;2022-06-13T17:17:29.088704Z
207965412;92983;https://res.cloudinary.com/nenvy-llc/image/upload/f_auto,q_25,c_scale,w_194/f_auto,q_25,c_scale,w_194,u_veefriends:specials:book:bubble:humility-is-delicious.jpg/v1/veefriends/specials/book/frames/silver.png;ETH;0.123625;2022-06-13T17:18:04.033218Z
208050603;80349;https://res.cloudinary.com/nenvy-llc/image/upload/f_auto,q_25,c_scale,w_194/f_auto,q_25,c_scale,w_194,u_veefriends:specials:book:lava:love-of-optimism.jpg/v1/veefriends/specials/book/frames/clear.png;ETH;0.123625;2022-06-13T17:18:16.7229Z
206656480;38683;https://res.cloudinary.com/nenvy-llc/image/upload/f_auto,q_25,c_scale,w_194/f_auto,q_25,c_scale,w_194,u_veefriends:specials:book:lava:your-ability-to-be-accountable-counts.jpg/v1/veefriends/specials/book/frames/gold.png;ETH;0.1238479335;2022-06-13T17:18:59.231643Z
207015710;104719;https://res.cloudinary.com/nenvy-llc/image/upload/f_auto,q_25,c_scale,w_194/f_auto,q_25,c_scale,w_194,u_veefriends:specials:book:gold:kind-fucking-candor.jpg/v1/veefriends/specials/book/frames/galaxy.png;ETH;0.13975;2022-06-13T17:19:29.867028Z
206683989;83673;https://res.cloudinary.com/nenvy-llc/image/upload/f_auto,q_25,c_scale,w_194/f_auto,q_25,c_scale,w_194,u_veefriends:specials:book:diamond:your-ability-to-be-accountable-counts.jpg/v1/veefriends/specials/book/frames/caviar.png;ETH;0.161035;2022-06-13T17:20:58.398339Z
205567159;69900;https://res.cloudinary.com/nenvy-llc/image/upload/f_auto,q_25,c_scale,w_194/f_auto,q_25,c_scale,w_194,u_veefriends:specials:book:gold:tenacity-helps-you-get-there.jpg/v1/veefriends/specials/book/frames/fur.png;ETH;0.16125;2022-06-13T17:37:41.78385Z
208019902;48196;https://res.cloudinary.com/nenvy-llc/image/upload/f_auto,q_25,c_scale,w_194/f_auto,q_25,c_scale,w_194,u_veefriends:specials:book:bubble:patience-helps-you-get-fed-instead-of-slaughtered.jpg/v1/veefriends/specials/book/frames/clear.png;ETH;0.1273875;2022-06-13T17:53:33.951184Z
208139383;53136;https://res.cloudinary.com/nenvy-llc/image/upload/f_auto,q_25,c_scale,w_194/f_auto,q_25,c_scale,w_194,u_veefriends:specials:book:lava:love-of-optimism.jpg/v1/veefriends/specials/book/frames/fur.png;ETH;0.11825;2022-06-13T18:57:54.778376Z
208136563;26613;https://res.cloudinary.com/nenvy-llc/image/upload/f_auto,q_25,c_scale,w_194/f_auto,q_25,c_scale,w_194,u_veefriends:specials:book:diamond:ambition-at-the-highest-level.jpg/v1/veefriends/specials/book/frames/gold.png;ETH;0.119325;2022-06-13T18:58:01.676965Z
208136638;26645;https://res.cloudinary.com/nenvy-llc/image/upload/f_auto,q_25,c_scale,w_194/f_auto,q_25,c_scale,w_194,u_veefriends:specials:book:gold:ambition-at-the-highest-level.jpg/v1/veefriends/specials/book/frames/fur.png;ETH;0.119325;2022-06-13T18:58:31.727931Z
208136709;26655;https://res.cloudinary.com/nenvy-llc/image/upload/f_auto,q_25,c_scale,w_194/f_auto,q_25,c_scale,w_194,u_veefriends:specials:book:bubble:ambition-at-the-highest-level.jpg/v1/veefriends/specials/book/frames/wood.png;ETH;0.119325;2022-06-13T18:58:40.166894Z
208136809;26657;https://res.cloudinary.com/nenvy-llc/image/upload/f_auto,q_25,c_scale,w_194/f_auto,q_25,c_scale,w_194,u_veefriends:specials:book:gold:ambition-at-the-highest-level.jpg/v1/veefriends/specials/book/frames/clear.png;ETH;0.119325;2022-06-13T18:59:03.092055Z
208137031;26596;https://res.cloudinary.com/nenvy-llc/image/upload/f_auto,q_25,c_scale,w_194/f_auto,q_25,c_scale,w_194,u_veefriends:specials:book:bubble:kindness-over-everything.jpg/v1/veefriends/specials/book/frames/silver.png;ETH;0.119325;2022-06-13T19:00:16.678782Z
208143045;53088;https://res.cloudinary.com/nenvy-llc/image/upload/f_auto,q_25,c_scale,w_194/f_auto,q_25,c_scale,w_194,u_veefriends:specials:book:lava:love-of-optimism.jpg/v1/veefriends/specials/book/frames/fur.png;ETH;0.11825;2022-06-13T19:17:38.645257Z
208137840;79206;https://res.cloudinary.com/nenvy-llc/image/upload/f_auto,q_25,c_scale,w_194/f_auto,q_25,c_scale,w_194,u_veefriends:specials:book:diamond:patience-helps-you-get-fed-instead-of-slaughtered.jpg/v1/veefriends/specials/book/frames/fur.png;ETH;0.1204;2022-06-13T19:19:29.873685Z
208149846;26656;https://res.cloudinary.com/nenvy-llc/image/upload/f_auto,q_25,c_scale,w_194/f_auto,q_25,c_scale,w_194,u_veefriends:specials:book:diamond:self-awa.jpg/v1/veefriends/specials/book/frames/gold.png;ETH;0.119325;2022-06-13T20:58:08.554959Z
208150720;86386;https://res.cloudinary.com/nenvy-llc/image/upload/f_auto,q_25,c_scale,w_194/f_auto,q_25,c_scale,w_194,u_veefriends:specials:book:gold:ambition-at-the-highest-level.jpg/v1/veefriends/specials/book/frames/gold.png;ETH;0.1187875;2022-06-13T21:15:22.565193Z
208165039;49994;https://res.cloudinary.com/nenvy-llc/image/upload/f_auto,q_25,c_scale,w_194/f_auto,q_25,c_scale,w_194,u_veefriends:specials:book:lava:ambition-at-the-highest-level.jpg/v1/veefriends/specials/book/frames/fur.png;ETH;0.11825;2022-06-13T22:03:36.945681Z
208164203;89849;https://res.cloudinary.com/nenvy-llc/image/upload/f_auto,q_25,c_scale,w_194/f_auto,q_25,c_scale,w_194,u_veefriends:specials:book:gold:patience-helps-you-get-fed-instead-of-slaughtered.jpg/v1/veefriends/specials/book/frames/gold.png;ETH;0.1187875;2022-06-13T22:04:04.112372Z
208137777;26604;https://res.cloudinary.com/nenvy-llc/image/upload/f_auto,q_25,c_scale,w_194/f_auto,q_25,c_scale,w_194,u_veefriends:specials:book:bubble:kind-fucking-candor.jpg/v1/veefriends/specials/book/frames/silver.png;ETH;0.119325;2022-06-13T22:04:26.742775Z
208149929;26650;https://res.cloudinary.com/nenvy-llc/image/upload/f_auto,q_25,c_scale,w_194/f_auto,q_25,c_scale,w_194,u_veefriends:specials:book:diamond:self-awa.jpg/v1/veefriends/specials/book/frames/wood.png;ETH;0.119325;2022-06-13T22:04:51.798079Z
208149993;26606;https://res.cloudinary.com/nenvy-llc/image/upload/f_auto,q_25,c_scale,w_194/f_auto,q_25,c_scale,w_194,u_veefriends:specials:book:diamond:self-awa.jpg/v1/veefriends/specials/book/frames/silver.png;ETH;0.119325;2022-06-13T22:17:34.162073Z
208178800;26538;https://res.cloudinary.com/nenvy-llc/image/upload/f_auto,q_25,c_scale,w_194/f_auto,q_25,c_scale,w_194,u_veefriends:specials:book:lava:love-of-optimism.jpg/v1/veefriends/specials/book/frames/silver.png;ETH;0.112875;2022-06-14T00:14:00.318316Z
208178825;26733;https://res.cloudinary.com/nenvy-llc/image/upload/f_auto,q_25,c_scale,w_194/f_auto,q_25,c_scale,w_194,u_veefriends:specials:book:bubble:empathy-drink-it.jpg/v1/veefriends/specials/book/frames/wood.png;ETH;0.112875;2022-06-14T00:14:15.519356Z
208181354;57969;https://res.cloudinary.com/nenvy-llc/image/upload/f_auto,q_25,c_scale,w_194/f_auto,q_25,c_scale,w_194,u_veefriends:specials:book:lava:love-of-optimism.jpg/v1/veefriends/specials/book/frames/granite.png;ETH;0.11825;2022-06-14T00:14:27.45944Z
208184513;91838;https://res.cloudinary.com/nenvy-llc/image/upload/f_auto,q_25,c_scale,w_194/f_auto,q_25,c_scale,w_194,u_veefriends:specials:book:lava:your-ability-to-be-accountable-counts.jpg/v1/veefriends/specials/book/frames/rainbow.png;ETH;0.155875;2022-06-14T00:15:51.822045Z
208150099;26601;https://res.cloudinary.com/nenvy-llc/image/upload/f_auto,q_25,c_scale,w_194/f_auto,q_25,c_scale,w_194,u_veefriends:specials:book:lava:self-awa.jpg/v1/veefriends/specials/book/frames/marble.png;ETH;0.119325;2022-06-14T01:12:14.492569Z
208150148;26595;https://res.cloudinary.com/nenvy-llc/image/upload/f_auto,q_25,c_scale,w_194/f_auto,q_25,c_scale,w_194,u_veefriends:specials:book:bubble:self-awa.jpg/v1/veefriends/specials/book/frames/marble.png;ETH;0.119325;2022-06-14T01:12:26.838827Z
208173730;26628;https://res.cloudinary.com/nenvy-llc/image/upload/f_auto,q_25,c_scale,w_194/f_auto,q_25,c_scale,w_194,u_veefriends:specials:book:lava:your-ability-to-be-accountable-counts.jpg/v1/veefriends/specials/book/frames/marble.png;ETH;0.119325;2022-06-14T01:12:40.253104Z
208173863;26636;https://res.cloudinary.com/nenvy-llc/image/upload/f_auto,q_25,c_scale,w_194/f_auto,q_25,c_scale,w_194,u_veefriends:specials:book:bubble:patience-helps-you-get-fed-instead-of-slaughtered.jpg/v1/veefriends/specials/book/frames/granite.png;ETH;0.119325;2022-06-14T01:12:54.121793Z
208173969;26609;https://res.cloudinary.com/nenvy-llc/image/upload/f_auto,q_25,c_scale,w_194/f_auto,q_25,c_scale,w_194,u_veefriends:specials:book:lava:patience-helps-you-get-fed-instead-of-slaughtered.jpg/v1/veefriends/specials/book/frames/marble.png;ETH;0.119325;2022-06-14T01:13:08.654154Z
208174112;26630;https://res.cloudinary.com/nenvy-llc/image/upload/f_auto,q_25,c_scale,w_194/f_auto,q_25,c_scale,w_194,u_veefriends:specials:book:lava:humility-is-delicious.jpg/v1/veefriends/specials/book/frames/granite.png;ETH;0.119325;2022-06-14T01:13:33.034854Z
208174183;26618;https://res.cloudinary.com/nenvy-llc/image/upload/f_auto,q_25,c_scale,w_194/f_auto,q_25,c_scale,w_194,u_veefriends:specials:book:lava:empathy-drink-it.jpg/v1/veefriends/specials/book/frames/granite.png;ETH;0.119325;2022-06-14T01:13:47.411577Z
208137782;79204;https://res.cloudinary.com/nenvy-llc/image/upload/f_auto,q_25,c_scale,w_194/f_auto,q_25,c_scale,w_194,u_veefriends:specials:book:bubble:self-awa.jpg/v1/veefriends/specials/book/frames/wood.png;ETH;0.1204;2022-06-14T01:14:48.377382Z
208160945;84196;https://res.cloudinary.com/nenvy-llc/image/upload/f_auto,q_25,c_scale,w_194/f_auto,q_25,c_scale,w_194,u_veefriends:specials:book:gold:empathy-drink-it.jpg/v1/veefriends/specials/book/frames/clear.png;ETH;0.1204;2022-06-14T02:09:25.05109Z
208126883;44148;https://res.cloudinary.com/nenvy-llc/image/upload/f_auto,q_25,c_scale,w_194/f_auto,q_25,c_scale,w_194,u_veefriends:specials:book:lava:your-ability-to-be-accountable-counts.jpg/v1/veefriends/specials/book/frames/gold.png;ETH;0.123625;2022-06-14T02:17:30.271743Z
208127262;106446;https://res.cloudinary.com/nenvy-llc/image/upload/f_auto,q_25,c_scale,w_194/f_auto,q_25,c_scale,w_194,u_veefriends:specials:book:bubble:patience-helps-you-get-fed-instead-of-slaughtered.jpg/v1/veefriends/specials/book/frames/gold.png;ETH;0.123625;2022-06-14T02:17:50.415167Z
208176982;79873;https://res.cloudinary.com/nenvy-llc/image/upload/f_auto,q_25,c_scale,w_194/f_auto,q_25,c_scale,w_194,u_veefriends:specials:book:gold:empathy-drink-it.jpg/v1/veefriends/specials/book/frames/fur.png;ETH;0.127925;2022-06-14T02:18:49.271251Z
208127453;1368;https://res.cloudinary.com/nenvy-llc/image/upload/f_auto,q_25,c_scale,w_194/f_auto,q_25,c_scale,w_194,u_veefriends:specials:book:gold:empathy-drink-it.jpg/v1/veefriends/specials/book/frames/gold.png;ETH;0.123625;2022-06-14T02:19:24.746952Z
208184585;25160;https://res.cloudinary.com/nenvy-llc/image/upload/f_auto,q_25,c_scale,w_194/f_auto,q_25,c_scale,w_194,u_veefriends:specials:book:diamond:humility-is-delicious.jpg/v1/veefriends/specials/book/frames/rainbow.png;ETH;0.168775;2022-06-14T05:10:25.316509Z
208234115;10371;https://res.cloudinary.com/nenvy-llc/image/upload/f_auto,q_25,c_scale,w_194/f_auto,q_25,c_scale,w_194,u_veefriends:specials:book:gold:ambition-at-the-highest-level.jpg/v1/veefriends/specials/book/frames/rainbow.png;ETH;0.12685;2022-06-14T06:57:01.786258Z
208234152;20242;https://res.cloudinary.com/nenvy-llc/image/upload/f_auto,q_25,c_scale,w_194/f_auto,q_25,c_scale,w_194,u_veefriends:specials:book:hologram:kindness-over-everything.jpg/v1/veefriends/specials/book/frames/marble.png;ETH;0.132225;2022-06-14T07:07:13.886448Z
208234083;64065;https://res.cloudinary.com/nenvy-llc/image/upload/f_auto,q_25,c_scale,w_194/f_auto,q_25,c_scale,w_194,u_veefriends:specials:book:hologram:humility-is-delicious.jpg/v1/veefriends/specials/book/frames/granite.png;ETH;0.129;2022-06-14T07:46:10.182584Z
208234185;89385;https://res.cloudinary.com/nenvy-llc/image/upload/f_auto,q_25,c_scale,w_194/f_auto,q_25,c_scale,w_194,u_veefriends:specials:book:hologram:kind-fucking-candor.jpg/v1/veefriends/specials/book/frames/granite.png;ETH;0.1376;2022-06-14T07:46:28.349052Z
208282690;119489;https://res.cloudinary.com/nenvy-llc/image/upload/f_auto,q_25,c_scale,w_194/f_auto,q_25,c_scale,w_194,u_veefriends:specials:book:hologram:kindness-over-everything.jpg/v1/veefriends/specials/book/frames/marble.png;ETH;0.1075;2022-06-14T12:19:13.582128Z
208282262;87019;https://res.cloudinary.com/nenvy-llc/image/upload/f_auto,q_25,c_scale,w_194/f_auto,q_25,c_scale,w_194,u_veefriends:specials:book:bubble:gratitude-is-the-attitude.jpg/v1/veefriends/specials/book/frames/silver.png;ETH;0.387;2022-06-14T12:26:32.311484Z
208282802;119490;https://res.cloudinary.com/nenvy-llc/image/upload/f_auto,q_25,c_scale,w_194/f_auto,q_25,c_scale,w_194,u_veefriends:specials:book:diamond:curiosity-see-it-through.jpg/v1/veefriends/specials/book/frames/black.png;ETH;0.1075;2022-06-14T12:42:19.781552Z
208223588;26646;https://res.cloudinary.com/nenvy-llc/image/upload/f_auto,q_25,c_scale,w_194/f_auto,q_25,c_scale,w_194,u_veefriends:specials:book:gold:tenacity-helps-you-get-there.jpg/v1/veefriends/specials/book/frames/fur.png;ETH;0.12384;2022-06-14T12:43:14.127608Z
208177050;47698;https://res.cloudinary.com/nenvy-llc/image/upload/f_auto,q_25,c_scale,w_194/f_auto,q_25,c_scale,w_194,u_veefriends:specials:book:bubble:tenacity-helps-you-get-there.jpg/v1/veefriends/specials/book/frames/gold.png;ETH;0.12771;2022-06-14T12:44:50.822574Z
208282481;119492;https://res.cloudinary.com/nenvy-llc/image/upload/f_auto,q_25,c_scale,w_194/f_auto,q_25,c_scale,w_194,u_veefriends:specials:book:gold:empathy-drink-it.jpg/v1/veefriends/specials/book/frames/clear.png;ETH;0.1075;2022-06-14T13:03:51.114268Z
208278089;24276;https://res.cloudinary.com/nenvy-llc/image/upload/f_auto,q_25,c_scale,w_194/f_auto,q_25,c_scale,w_194,u_veefriends:specials:book:bubble:love-of-optimism.jpg/v1/veefriends/specials/book/frames/black.png;ETH;0.11825;2022-06-14T13:51:14.406253Z
204542192;116657;https://res.cloudinary.com/nenvy-llc/image/upload/f_auto,q_25,c_scale,w_194/f_auto,q_25,c_scale,w_194,u_veefriends:specials:book:diamond:kind-fucking-candor.jpg/v1/veefriends/specials/book/frames/black.png;ETH;0.1505;2022-06-14T14:57:34.819158Z
208323185;69198;https://res.cloudinary.com/nenvy-llc/image/upload/f_auto,q_25,c_scale,w_194/f_auto,q_25,c_scale,w_194,u_veefriends:specials:book:hologram:your-ability-to-be-accountable-counts.jpg/v1/veefriends/specials/book/frames/silver.png;ETH;0.1075;2022-06-14T16:39:05.11899Z
208323111;85391;https://res.cloudinary.com/nenvy-llc/image/upload/f_auto,q_25,c_scale,w_194/f_auto,q_25,c_scale,w_194,u_veefriends:specials:book:hologram:self-awa.jpg/v1/veefriends/specials/book/frames/wood.png;ETH;0.1075;2022-06-14T16:40:26.727214Z
208329372;25132;https://res.cloudinary.com/nenvy-llc/image/upload/f_auto,q_25,c_scale,w_194/f_auto,q_25,c_scale,w_194,u_veefriends:specials:book:lava:kindness-over-everything.jpg/v1/veefriends/specials/book/frames/granite.png;ETH;0.112875;2022-06-14T17:27:39.880638Z
206231873;13435;https://res.cloudinary.com/nenvy-llc/image/upload/f_auto,q_25,c_scale,w_194/f_auto,q_25,c_scale,w_194,u_veefriends:specials:book:bubble:paper-hands-pony.jpg/v1/veefriends/specials/book/frames/silver.png;ETH;2.666;2022-06-14T19:25:31.096918Z
208355227;26598;https://res.cloudinary.com/nenvy-llc/image/upload/f_auto,q_25,c_scale,w_194/f_auto,q_25,c_scale,w_194,u_veefriends:specials:book:diamond:kind-fucking-candor.jpg/v1/veefriends/specials/book/frames/marble.png;ETH;0.1075;2022-06-14T19:59:04.136544Z
208355792;26622;https://res.cloudinary.com/nenvy-llc/image/upload/f_auto,q_25,c_scale,w_194/f_auto,q_25,c_scale,w_194,u_veefriends:specials:book:lava:curiosity-see-it-through.jpg/v1/veefriends/specials/book/frames/rainbow.png;ETH;0.13975;2022-06-14T22:31:15.076456Z
208388101;67024;https://res.cloudinary.com/nenvy-llc/image/upload/f_auto,q_25,c_scale,w_194/f_auto,q_25,c_scale,w_194,u_veefriends:specials:book:lava:humility-is-delicious.jpg/v1/veefriends/specials/book/frames/granite.png;ETH;0.102125;2022-06-14T22:40:03.305902Z
208395089;44737;https://res.cloudinary.com/nenvy-llc/image/upload/f_auto,q_25,c_scale,w_194/f_auto,q_25,c_scale,w_194,u_veefriends:specials:book:diamond:conviction-helps-you-grow.jpg/v1/veefriends/specials/book/frames/granite.png;ETH;0.416025;2022-06-14T22:45:05.070998Z
208354730;26611;https://res.cloudinary.com/nenvy-llc/image/upload/f_auto,q_25,c_scale,w_194/f_auto,q_25,c_scale,w_194,u_veefriends:specials:book:bubble:empathy-drink-it.jpg/v1/veefriends/specials/book/frames/granite.png;ETH;0.1075;2022-06-14T22:45:29.278943Z
208403841;38853;https://res.cloudinary.com/nenvy-llc/image/upload/f_auto,q_25,c_scale,w_194/f_auto,q_25,c_scale,w_194,u_veefriends:specials:book:gold:koala-2025.jpg/v1/veefriends/specials/book/frames/caviar.png;ETH;2.13925;2022-06-15T02:10:23.892113Z
208349347;34868;https://res.cloudinary.com/nenvy-llc/image/upload/f_auto,q_25,c_scale,w_194/f_auto,q_25,c_scale,w_194,u_veefriends:specials:book:diamond:your-ability-to-be-accountable-counts.jpg/v1/veefriends/specials/book/frames/fur.png;ETH;0.12255;2022-06-15T03:17:25.710752Z
208354574;26634;https://res.cloudinary.com/nenvy-llc/image/upload/f_auto,q_25,c_scale,w_194/f_auto,q_25,c_scale,w_194,u_veefriends:specials:book:diamond:gratitude-is-the-attitude.jpg/v1/veefriends/specials/book/frames/wood.png;ETH;0.35475;2022-06-15T05:37:39.556904Z
208354432;26640;https://res.cloudinary.com/nenvy-llc/image/upload/f_auto,q_25,c_scale,w_194/f_auto,q_25,c_scale,w_194,u_veefriends:specials:book:bubble:gratitude-is-the-attitude.jpg/v1/veefriends/specials/book/frames/clear.png;ETH;0.35475;2022-06-15T06:51:57.724148Z
208355430;26644;https://res.cloudinary.com/nenvy-llc/image/upload/f_auto,q_25,c_scale,w_194/f_auto,q_25,c_scale,w_194,u_veefriends:specials:book:diamond:love-of-optimism.jpg/v1/veefriends/specials/book/frames/gold.png;ETH;0.1075;2022-06-15T07:37:29.629568Z
208413756;16923;https://res.cloudinary.com/nenvy-llc/image/upload/f_auto,q_25,c_scale,w_194/f_auto,q_25,c_scale,w_194,u_veefriends:specials:book:lava:kindness-over-everything.jpg/v1/veefriends/specials/book/frames/black.png;ETH;0.1075;2022-06-15T07:40:23.74423Z
208408240;4028;https://res.cloudinary.com/nenvy-llc/image/upload/f_auto,q_25,c_scale,w_194/f_auto,q_25,c_scale,w_194,u_veefriends:specials:book:gold:curiosity-see-it-through.jpg/v1/veefriends/specials/book/frames/granite.png;ETH;0.1155625;2022-06-15T07:42:49.123373Z
208354965;26659;https://res.cloudinary.com/nenvy-llc/image/upload/f_auto,q_25,c_scale,w_194/f_auto,q_25,c_scale,w_194,u_veefriends:specials:book:bubble:empathy-drink-it.jpg/v1/veefriends/specials/book/frames/marble.png;ETH;0.1075;2022-06-15T08:00:52.992539Z
208355122;26610;https://res.cloudinary.com/nenvy-llc/image/upload/f_auto,q_25,c_scale,w_194/f_auto,q_25,c_scale,w_194,u_veefriends:specials:book:bubble:curiosity-see-it-through.jpg/v1/veefriends/specials/book/frames/marble.png;ETH;0.1075;2022-06-15T08:09:26.191244Z
208355624;26593;https://res.cloudinary.com/nenvy-llc/image/upload/f_auto,q_25,c_scale,w_194/f_auto,q_25,c_scale,w_194,u_veefriends:specials:book:diamond:empathy-drink-it.jpg/v1/veefriends/specials/book/frames/clear.png;ETH;0.1075;2022-06-15T09:15:02.662479Z
208413588;16914;https://res.cloudinary.com/nenvy-llc/image/upload/f_auto,q_25,c_scale,w_194/f_auto,q_25,c_scale,w_194,u_veefriends:specials:book:diamond:empathy-drink-it.jpg/v1/veefriends/specials/book/frames/clear.png;ETH;0.1075;2022-06-15T09:15:23.665052Z
208413629;16924;https://res.cloudinary.com/nenvy-llc/image/upload/f_auto,q_25,c_scale,w_194/f_auto,q_25,c_scale,w_194,u_veefriends:specials:book:gold:empathy-drink-it.jpg/v1/veefriends/specials/book/frames/wood.png;ETH;0.1075;2022-06-15T09:15:33.071123Z
208413725;16921;https://res.cloudinary.com/nenvy-llc/image/upload/f_auto,q_25,c_scale,w_194/f_auto,q_25,c_scale,w_194,u_veefriends:specials:book:gold:kind-fucking-candor.jpg/v1/veefriends/specials/book/frames/wood.png;ETH;0.1075;2022-06-15T09:15:44.925782Z
208335505;113651;https://res.cloudinary.com/nenvy-llc/image/upload/f_auto,q_25,c_scale,w_194/f_auto,q_25,c_scale,w_194,u_veefriends:specials:book:gold:curiosity-see-it-through.jpg/v1/veefriends/specials/book/frames/black.png;ETH;0.1238479335;2022-06-15T09:16:02.288308Z
208328033;84367;https://res.cloudinary.com/nenvy-llc/image/upload/f_auto,q_25,c_scale,w_194/f_auto,q_25,c_scale,w_194,u_veefriends:specials:book:lava:your-ability-to-be-accountable-counts.jpg/v1/veefriends/specials/book/frames/clear.png;ETH;0.1161;2022-06-15T09:17:23.062714Z
208328075;84309;https://res.cloudinary.com/nenvy-llc/image/upload/f_auto,q_25,c_scale,w_194/f_auto,q_25,c_scale,w_194,u_veefriends:specials:book:lava:kindness-over-everything.jpg/v1/veefriends/specials/book/frames/clear.png;ETH;0.1161;2022-06-15T09:17:32.026069Z
208413676;8986;https://res.cloudinary.com/nenvy-llc/image/upload/f_auto,q_25,c_scale,w_194/f_auto,q_25,c_scale,w_194,u_veefriends:specials:book:bubble:gratitude-is-the-attitude.jpg/v1/veefriends/specials/book/frames/fur.png;ETH;0.43;2022-06-15T12:17:04.688269Z
208137740;92407;https://res.cloudinary.com/nenvy-llc/image/upload/f_auto,q_25,c_scale,w_194/f_auto,q_25,c_scale,w_194,u_veefriends:specials:book:gold:empathy-drink-it.jpg/v1/veefriends/specials/book/frames/fur.png;ETH;0.1416820437;2022-06-15T13:52:13.993052Z
208472796;73381;https://res.cloudinary.com/nenvy-llc/image/upload/f_auto,q_25,c_scale,w_194/f_auto,q_25,c_scale,w_194,u_veefriends:specials:book:bubble:self-awa.jpg/v1/veefriends/specials/book/frames/pearl.png;ETH;0.31175;2022-06-15T18:11:50.805935Z
207372413;98217;https://res.cloudinary.com/nenvy-llc/image/upload/f_auto,q_25,c_scale,w_194/f_auto,q_25,c_scale,w_194,u_veefriends:specials:book:diamond:your-ability-to-be-accountable-counts.jpg/v1/veefriends/specials/book/frames/pearl.png;ETH;0.3225;2022-06-15T18:12:26.560057Z
208473024;81711;https://res.cloudinary.com/nenvy-llc/image/upload/f_auto,q_25,c_scale,w_194/f_auto,q_25,c_scale,w_194,u_veefriends:specials:book:bubble:empathy-drink-it.jpg/v1/veefriends/specials/book/frames/pearl.png;ETH;0.31175;2022-06-15T18:12:49.067641Z
207223988;90969;https://res.cloudinary.com/nenvy-llc/image/upload/f_auto,q_25,c_scale,w_194/f_auto,q_25,c_scale,w_194,u_veefriends:specials:book:lava:empathy-drink-it.jpg/v1/veefriends/specials/book/frames/pearl.png;ETH;0.3257835;2022-06-15T18:13:16.264797Z
207452154;71336;https://res.cloudinary.com/nenvy-llc/image/upload/f_auto,q_25,c_scale,w_194/f_auto,q_25,c_scale,w_194,u_veefriends:specials:book:lava:tenacity-helps-you-get-there.jpg/v1/veefriends/specials/book/frames/black.png;ETH;0.132225;2022-06-15T18:15:14.5058Z
208557066;74174;https://res.cloudinary.com/nenvy-llc/image/upload/f_auto,q_25,c_scale,w_194/f_auto,q_25,c_scale,w_194,u_veefriends:specials:book:lava:your-ability-to-be-accountable-counts.jpg/v1/veefriends/specials/book/frames/fur.png;ETH;0.12791425;2022-06-15T18:28:34.999385Z
208130936;101498;https://res.cloudinary.com/nenvy-llc/image/upload/f_auto,q_25,c_scale,w_194/f_auto,q_25,c_scale,w_194,u_veefriends:specials:book:bubble:empathy-drink-it.jpg/v1/veefriends/specials/book/frames/fur.png;ETH;0.129;2022-06-15T18:29:53.589136Z
208540521;38543;https://res.cloudinary.com/nenvy-llc/image/upload/f_auto,q_25,c_scale,w_194/f_auto,q_25,c_scale,w_194,u_veefriends:specials:book:bubble:empathy-drink-it.jpg/v1/veefriends/specials/book/frames/clear.png;ETH;0.112875;2022-06-15T18:31:13.979531Z
208408890;31330;https://res.cloudinary.com/nenvy-llc/image/upload/f_auto,q_25,c_scale,w_194/f_auto,q_25,c_scale,w_194,u_veefriends:specials:book:gold:self-awa.jpg/v1/veefriends/specials/book/frames/marble.png;ETH;0.11825;2022-06-15T18:56:39.915161Z
208587930;45092;https://res.cloudinary.com/nenvy-llc/image/upload/f_auto,q_25,c_scale,w_194/f_auto,q_25,c_scale,w_194,u_veefriends:specials:book:diamond:humility-is-delicious.jpg/v1/veefriends/specials/book/frames/granite.png;ETH;0.117175;2022-06-15T19:03:23.760503Z
208587742;73029;https://res.cloudinary.com/nenvy-llc/image/upload/f_auto,q_25,c_scale,w_194/f_auto,q_25,c_scale,w_194,u_veefriends:specials:book:gold:ambition-at-the-highest-level.jpg/v1/veefriends/specials/book/frames/marble.png;ETH;0.117175;2022-06-15T19:06:19.001665Z
207828716;83349;https://res.cloudinary.com/nenvy-llc/image/upload/f_auto,q_25,c_scale,w_194/f_auto,q_25,c_scale,w_194,u_veefriends:specials:book:bubble:ambition-at-the-highest-level.jpg/v1/veefriends/specials/book/frames/rainbow.png;ETH;0.215;2022-06-15T19:37:34.785418Z
208589780;80311;https://res.cloudinary.com/nenvy-llc/image/upload/f_auto,q_25,c_scale,w_194/f_auto,q_25,c_scale,w_194,u_veefriends:specials:book:gold:your-ability-to-be-accountable-counts.jpg/v1/veefriends/specials/book/frames/galaxy.png;ETH;0.129;2022-06-15T20:09:02.021028Z
208587971;64433;https://res.cloudinary.com/nenvy-llc/image/upload/f_auto,q_25,c_scale,w_194/f_auto,q_25,c_scale,w_194,u_veefriends:specials:book:gold:kind-fucking-candor.jpg/v1/veefriends/specials/book/frames/clear.png;ETH;0.117175;2022-06-15T20:27:43.432527Z
208628561;89127;https://res.cloudinary.com/nenvy-llc/image/upload/f_auto,q_25,c_scale,w_194/f_auto,q_25,c_scale,w_194,u_veefriends:specials:book:bubble:empathy-drink-it.jpg/v1/veefriends/specials/book/frames/gold.png;ETH;0.05375;2022-06-15T23:07:03.769692Z
208588001;20455;https://res.cloudinary.com/nenvy-llc/image/upload/f_auto,q_25,c_scale,w_194/f_auto,q_25,c_scale,w_194,u_veefriends:specials:book:diamond:love-of-optimism.jpg/v1/veefriends/specials/book/frames/clear.png;ETH;0.117175;2022-06-15T23:34:01.591928Z
208274976;74690;https://res.cloudinary.com/nenvy-llc/image/upload/f_auto,q_25,c_scale,w_194/f_auto,q_25,c_scale,w_194,u_veefriends:specials:book:lava:empathy-drink-it.jpg/v1/veefriends/specials/book/frames/wood.png;ETH;0.117175;2022-06-16T02:14:19.646087Z
204534157;33028;https://res.cloudinary.com/nenvy-llc/image/upload/f_auto,q_25,c_scale,w_194/f_auto,q_25,c_scale,w_194,u_veefriends:specials:book:lava:koala-2025.jpg/v1/veefriends/specials/book/frames/gold.png;ETH;2.279;2022-06-16T03:43:25.647921Z
208664374;103377;https://res.cloudinary.com/nenvy-llc/image/upload/f_auto,q_25,c_scale,w_194/f_auto,q_25,c_scale,w_194,u_veefriends:specials:book:diamond:ambition-at-the-highest-level.jpg/v1/veefriends/specials/book/frames/caviar.png;ETH;0.1611425;2022-06-16T05:01:44.733928Z
208589833;108385;https://res.cloudinary.com/nenvy-llc/image/upload/f_auto,q_25,c_scale,w_194/f_auto,q_25,c_scale,w_194,u_veefriends:specials:book:diamond:kind-fucking-candor.jpg/v1/veefriends/specials/book/frames/wood.png;ETH;0.11825;2022-06-16T06:05:53.671991Z
208587802;66168;https://res.cloudinary.com/nenvy-llc/image/upload/f_auto,q_25,c_scale,w_194/f_auto,q_25,c_scale,w_194,u_veefriends:specials:book:lava:love-of-optimism.jpg/v1/veefriends/specials/book/frames/marble.png;ETH;0.117175;2022-06-16T06:38:56.481762Z
208587887;51129;https://res.cloudinary.com/nenvy-llc/image/upload/f_auto,q_25,c_scale,w_194/f_auto,q_25,c_scale,w_194,u_veefriends:specials:book:diamond:your-ability-to-be-accountable-counts.jpg/v1/veefriends/specials/book/frames/clear.png;ETH;0.117175;2022-06-16T09:06:56.783797Z
208413863;16917;https://res.cloudinary.com/nenvy-llc/image/upload/f_auto,q_25,c_scale,w_194/f_auto,q_25,c_scale,w_194,u_veefriends:specials:book:diamond:patience-helps-you-get-fed-instead-of-slaughtered.jpg/v1/veefriends/specials/book/frames/clear.png;ETH;0.11825;2022-06-16T09:07:13.478731Z
208588027;63049;https://res.cloudinary.com/nenvy-llc/image/upload/f_auto,q_25,c_scale,w_194/f_auto,q_25,c_scale,w_194,u_veefriends:specials:book:gold:love-of-optimism.jpg/v1/veefriends/specials/book/frames/clear.png;ETH;0.117175;2022-06-16T09:08:40.623275Z
208567147;102081;https://res.cloudinary.com/nenvy-llc/image/upload/f_auto,q_25,c_scale,w_194/f_auto,q_25,c_scale,w_194,u_veefriends:specials:book:bubble:kindness-over-everything.jpg/v1/veefriends/specials/book/frames/granite.png;ETH;0.11825;2022-06-16T09:10:20.440888Z
208587848;44685;https://res.cloudinary.com/nenvy-llc/image/upload/f_auto,q_25,c_scale,w_194/f_auto,q_25,c_scale,w_194,u_veefriends:specials:book:bubble:humility-is-delicious.jpg/v1/veefriends/specials/book/frames/clear.png;ETH;0.117175;2022-06-16T09:10:42.191231Z
208716756;20468;https://res.cloudinary.com/nenvy-llc/image/upload/f_auto,q_25,c_scale,w_194/f_auto,q_25,c_scale,w_194,u_veefriends:specials:book:gold:empathy-drink-it.jpg/v1/veefriends/specials/book/frames/silver.png;ETH;0.1161;2022-06-16T11:46:25.171379Z
208131050;108403;https://res.cloudinary.com/nenvy-llc/image/upload/f_auto,q_25,c_scale,w_194/f_auto,q_25,c_scale,w_194,u_veefriends:specials:book:lava:love-of-optimism.jpg/v1/veefriends/specials/book/frames/fur.png;ETH;0.129;2022-06-16T12:07:20.766543Z
208730942;77664;https://res.cloudinary.com/nenvy-llc/image/upload/f_auto,q_25,c_scale,w_194/f_auto,q_25,c_scale,w_194,u_veefriends:specials:book:diamond:empathy-drink-it.jpg/v1/veefriends/specials/book/frames/caviar.png;ETH;0.1505;2022-06-16T13:40:44.624016Z
206838573;35426;https://res.cloudinary.com/nenvy-llc/image/upload/f_auto,q_25,c_scale,w_194/f_auto,q_25,c_scale,w_194,u_veefriends:specials:book:gold:gratitude-is-the-attitude.jpg/v1/veefriends/specials/book/frames/wood.png;ETH;0.46225;2022-06-16T15:23:17.748015Z
206887462;26633;https://res.cloudinary.com/nenvy-llc/image/upload/f_auto,q_25,c_scale,w_194/f_auto,q_25,c_scale,w_194,u_veefriends:specials:book:gold:ambition-at-the-highest-level.jpg/v1/veefriends/specials/book/frames/silver.png;ETH;0.128785;2022-06-16T15:32:04.69522Z
207186927;101287;https://res.cloudinary.com/nenvy-llc/image/upload/f_auto,q_25,c_scale,w_194/f_auto,q_25,c_scale,w_194,u_veefriends:specials:book:hologram:gratitude-is-the-attitude.jpg/v1/veefriends/specials/book/frames/fur.png;ETH;0.79118925;2022-06-16T18:38:11.392206Z
208716867;29910;https://res.cloudinary.com/nenvy-llc/image/upload/f_auto,q_25,c_scale,w_194/f_auto,q_25,c_scale,w_194,u_veefriends:specials:book:bubble:empathy-drink-it.jpg/v1/veefriends/specials/book/frames/silver.png;ETH;0.1161;2022-06-16T19:52:15.330387Z
208439857;46419;https://res.cloudinary.com/nenvy-llc/image/upload/f_auto,q_25,c_scale,w_194/f_auto,q_25,c_scale,w_194,u_veefriends:specials:book:bubble:koala-2025.jpg/v1/veefriends/specials/book/frames/wood.png;ETH;2.15;2022-06-16T21:03:00.955028Z
208413375;62066;https://res.cloudinary.com/nenvy-llc/image/upload/f_auto,q_25,c_scale,w_194/f_auto,q_25,c_scale,w_194,u_veefriends:specials:book:bubble:paper-hands-pony.jpg/v1/veefriends/specials/book/frames/wood.png;ETH;2.4725;2022-06-16T21:54:40.105214Z
206800393;84476;https://res.cloudinary.com/nenvy-llc/image/upload/f_auto,q_25,c_scale,w_194/f_auto,q_25,c_scale,w_194,u_veefriends:specials:book:diamond:koala-2025.jpg/v1/veefriends/specials/book/frames/marble.png;ETH;2.4725;2022-06-16T21:55:22.508416Z
198529414;12926;https://res.cloudinary.com/nenvy-llc/image/upload/f_auto,q_25,c_scale,w_194/f_auto,q_25,c_scale,w_194,u_veefriends:specials:book:hologram:tenacity-helps-you-get-there.jpg/v1/veefriends/specials/book/frames/silver.png;ETH;0.46225;2022-06-16T22:35:22.649464Z
206658684;92337;https://res.cloudinary.com/nenvy-llc/image/upload/f_auto,q_25,c_scale,w_194/f_auto,q_25,c_scale,w_194,u_veefriends:specials:book:diamond:your-ability-to-be-accountable-counts.jpg/v1/veefriends/specials/book/frames/rainbow.png;ETH;0.1761315797;2022-06-16T22:37:16.592266Z
208900432;98213;https://res.cloudinary.com/nenvy-llc/image/upload/f_auto,q_25,c_scale,w_194/f_auto,q_25,c_scale,w_194,u_veefriends:specials:book:hologram:ambition-at-the-highest-level.jpg/v1/veefriends/specials/book/frames/silver.png;ETH;0.35475;2022-06-16T23:15:42.312455Z
208912994;31546;https://res.cloudinary.com/nenvy-llc/image/upload/f_auto,q_25,c_scale,w_194/f_auto,q_25,c_scale,w_194,u_veefriends:specials:book:lava:patience-helps-you-get-fed-instead-of-slaughtered.jpg/v1/veefriends/specials/book/frames/gold.png;ETH;0.115025;2022-06-17T00:42:00.138784Z
208919832;12926;https://res.cloudinary.com/nenvy-llc/image/upload/f_auto,q_25,c_scale,w_194/f_auto,q_25,c_scale,w_194,u_veefriends:specials:book:hologram:tenacity-helps-you-get-there.jpg/v1/veefriends/specials/book/frames/silver.png;ETH;0.158455;2022-06-17T00:54:54.291496Z
208912836;9801;https://res.cloudinary.com/nenvy-llc/image/upload/f_auto,q_25,c_scale,w_194/f_auto,q_25,c_scale,w_194,u_veefriends:specials:book:lava:humility-is-delicious.jpg/v1/veefriends/specials/book/frames/gold.png;ETH;0.112875;2022-06-17T01:01:58.989982Z
208716811;29904;https://res.cloudinary.com/nenvy-llc/image/upload/f_auto,q_25,c_scale,w_194/f_auto,q_25,c_scale,w_194,u_veefriends:specials:book:bubble:empathy-drink-it.jpg/v1/veefriends/specials/book/frames/silver.png;ETH;0.1161;2022-06-17T01:09:51.802522Z
208924736;111644;https://res.cloudinary.com/nenvy-llc/image/upload/f_auto,q_25,c_scale,w_194/f_auto,q_25,c_scale,w_194,u_veefriends:specials:book:lava:self-awa.jpg/v1/veefriends/specials/book/frames/gold.png;ETH;0.115025;2022-06-17T01:31:42.279672Z
207315957;46263;https://res.cloudinary.com/nenvy-llc/image/upload/f_auto,q_25,c_scale,w_194/f_auto,q_25,c_scale,w_194,u_veefriends:specials:book:bubble:curiosity-see-it-through.jpg/v1/veefriends/specials/book/frames/gold.png;ETH;0.1333;2022-06-17T04:09:23.491067Z
208924798;34933;https://res.cloudinary.com/nenvy-llc/image/upload/f_auto,q_25,c_scale,w_194/f_auto,q_25,c_scale,w_194,u_veefriends:specials:book:lava:ambition-at-the-highest-level.jpg/v1/veefriends/specials/book/frames/gold.png;ETH;0.115025;2022-06-17T04:09:53.306337Z
204483650;79252;https://res.cloudinary.com/nenvy-llc/image/upload/f_auto,q_25,c_scale,w_194/f_auto,q_25,c_scale,w_194,u_veefriends:specials:book:gold:tenacity-helps-you-get-there.jpg/v1/veefriends/specials/book/frames/silver.png;ETH;0.145125;2022-06-17T04:10:13.758994Z
208413325;105555;https://res.cloudinary.com/nenvy-llc/image/upload/f_auto,q_25,c_scale,w_194/f_auto,q_25,c_scale,w_194,u_veefriends:specials:book:lava:paper-hands-pony.jpg/v1/veefriends/specials/book/frames/gold.png;ETH;2.58;2022-06-17T05:32:18.018645Z
208716963;31391;https://res.cloudinary.com/nenvy-llc/image/upload/f_auto,q_25,c_scale,w_194/f_auto,q_25,c_scale,w_194,u_veefriends:specials:book:gold:empathy-drink-it.jpg/v1/veefriends/specials/book/frames/silver.png;ETH;0.1161;2022-06-17T11:41:38.892848Z
208395033;66851;https://res.cloudinary.com/nenvy-llc/image/upload/f_auto,q_25,c_scale,w_194/f_auto,q_25,c_scale,w_194,u_veefriends:specials:book:diamond:conviction-helps-you-grow.jpg/v1/veefriends/specials/book/frames/silver.png;ETH;0.416025;2022-06-17T11:43:30.988806Z
208386476;25112;https://res.cloudinary.com/nenvy-llc/image/upload/f_auto,q_25,c_scale,w_194/f_auto,q_25,c_scale,w_194,u_veefriends:specials:book:lava:paper-hands-pony.jpg/v1/veefriends/specials/book/frames/black.png;ETH;2.795;2022-06-17T14:11:43.770945Z
209053894;34622;https://res.cloudinary.com/nenvy-llc/image/upload/f_auto,q_25,c_scale,w_194/f_auto,q_25,c_scale,w_194,u_veefriends:specials:book:lava:ambition-at-the-highest-level.jpg/v1/veefriends/specials/book/frames/marble.png;ETH;0.11825;2022-06-17T15:55:26.673417Z
209054483;86194;https://res.cloudinary.com/nenvy-llc/image/upload/f_auto,q_25,c_scale,w_194/f_auto,q_25,c_scale,w_194,u_veefriends:specials:book:gold:love-of-optimism.jpg/v1/veefriends/specials/book/frames/granite.png;ETH;0.1075;2022-06-17T16:14:21.931464Z
209054460;29306;https://res.cloudinary.com/nenvy-llc/image/upload/f_auto,q_25,c_scale,w_194/f_auto,q_25,c_scale,w_194,u_veefriends:specials:book:bubble:empathy-drink-it.jpg/v1/veefriends/specials/book/frames/granite.png;ETH;0.1075;2022-06-17T16:15:19.613485Z
209054344;13268;https://res.cloudinary.com/nenvy-llc/image/upload/f_auto,q_25,c_scale,w_194/f_auto,q_25,c_scale,w_194,u_veefriends:specials:book:lava:curiosity-see-it-through.jpg/v1/veefriends/specials/book/frames/granite.png;ETH;0.1075;2022-06-17T16:32:05.177063Z
209054413;90632;https://res.cloudinary.com/nenvy-llc/image/upload/f_auto,q_25,c_scale,w_194/f_auto,q_25,c_scale,w_194,u_veefriends:specials:book:lava:curiosity-see-it-through.jpg/v1/veefriends/specials/book/frames/granite.png;ETH;0.1075;2022-06-17T16:32:22.270359Z
209054505;108056;https://res.cloudinary.com/nenvy-llc/image/upload/f_auto,q_25,c_scale,w_194/f_auto,q_25,c_scale,w_194,u_veefriends:specials:book:lava:your-ability-to-be-accountable-counts.jpg/v1/veefriends/specials/book/frames/granite.png;ETH;0.1075;2022-06-17T16:32:36.851652Z
209111627;63535;https://res.cloudinary.com/nenvy-llc/image/upload/f_auto,q_25,c_scale,w_194/f_auto,q_25,c_scale,w_194,u_veefriends:specials:book:gold:your-ability-to-be-accountable-counts.jpg/v1/veefriends/specials/book/frames/wood.png;ETH;0.108575;2022-06-17T18:43:46.737086Z
209112494;102162;https://res.cloudinary.com/nenvy-llc/image/upload/f_auto,q_25,c_scale,w_194/f_auto,q_25,c_scale,w_194,u_veefriends:specials:book:diamond:empathy-drink-it.jpg/v1/veefriends/specials/book/frames/galaxy.png;ETH;0.1376;2022-06-17T20:05:56.332971Z
207046099;49137;https://res.cloudinary.com/nenvy-llc/image/upload/f_auto,q_25,c_scale,w_194/f_auto,q_25,c_scale,w_194,u_veefriends:specials:book:bubble:empathy-drink-it.jpg/v1/veefriends/specials/book/frames/galaxy.png;ETH;0.153725;2022-06-18T02:14:31.94065Z
208873392;108870;https://res.cloudinary.com/nenvy-llc/image/upload/f_auto,q_25,c_scale,w_194/f_auto,q_25,c_scale,w_194,u_veefriends:specials:book:bubble:kind-fucking-candor.jpg/v1/veefriends/specials/book/frames/caviar.png;ETH;0.1471675;2022-06-18T02:23:34.929719Z
208900574;26080;https://res.cloudinary.com/nenvy-llc/image/upload/f_auto,q_25,c_scale,w_194/f_auto,q_25,c_scale,w_194,u_veefriends:specials:book:hologram:curiosity-see-it-through.jpg/v1/veefriends/specials/book/frames/clear.png;ETH;0.2525175;2022-06-18T02:49:16.558135Z
209164176;108440;https://res.cloudinary.com/nenvy-llc/image/upload/f_auto,q_25,c_scale,w_194/f_auto,q_25,c_scale,w_194,u_veefriends:specials:book:bubble:kindness-over-everything.jpg/v1/veefriends/specials/book/frames/gold.png;ETH;0.11825;2022-06-18T03:13:58.472779Z
208900254;76625;https://res.cloudinary.com/nenvy-llc/image/upload/f_auto,q_25,c_scale,w_194/f_auto,q_25,c_scale,w_194,u_veefriends:specials:book:lava:patience-helps-you-get-fed-instead-of-slaughtered.jpg/v1/veefriends/specials/book/frames/neon.png;ETH;0.3655;2022-06-18T04:02:23.641731Z
207970681;102467;https://res.cloudinary.com/nenvy-llc/image/upload/f_auto,q_25,c_scale,w_194/f_auto,q_25,c_scale,w_194,u_veefriends:specials:book:bubble:self-awa.jpg/v1/veefriends/specials/book/frames/rainbow.png;ETH;0.160175;2022-06-18T04:03:50.510857Z
208282080;119488;https://res.cloudinary.com/nenvy-llc/image/upload/f_auto,q_25,c_scale,w_194/f_auto,q_25,c_scale,w_194,u_veefriends:specials:book:bubble:self-awa.jpg/v1/veefriends/specials/book/frames/rainbow.png;ETH;0.16125;2022-06-18T04:04:11.627056Z
206544218;26763;https://res.cloudinary.com/nenvy-llc/image/upload/f_auto,q_25,c_scale,w_194/f_auto,q_25,c_scale,w_194,u_veefriends:specials:book:lava:kindness-over-everything.jpg/v1/veefriends/specials/book/frames/rainbow.png;ETH;0.16125;2022-06-18T04:14:03.326054Z
209054214;21049;https://res.cloudinary.com/nenvy-llc/image/upload/f_auto,q_25,c_scale,w_194/f_auto,q_25,c_scale,w_194,u_veefriends:specials:book:lava:kindness-over-everything.jpg/v1/veefriends/specials/book/frames/marble.png;ETH;0.11825;2022-06-18T04:50:57.914415Z
209054422;16514;https://res.cloudinary.com/nenvy-llc/image/upload/f_auto,q_25,c_scale,w_194/f_auto,q_25,c_scale,w_194,u_veefriends:specials:book:lava:empathy-drink-it.jpg/v1/veefriends/specials/book/frames/gold.png;ETH;0.1155625;2022-06-18T09:11:37.405329Z
209054253;11035;https://res.cloudinary.com/nenvy-llc/image/upload/f_auto,q_25,c_scale,w_194/f_auto,q_25,c_scale,w_194,u_veefriends:specials:book:bubble:self-awa.jpg/v1/veefriends/specials/book/frames/marble.png;ETH;0.11825;2022-06-18T09:18:09.241724Z
209115094;2350;https://res.cloudinary.com/nenvy-llc/image/upload/f_auto,q_25,c_scale,w_194/f_auto,q_25,c_scale,w_194,u_veefriends:specials:book:diamond:love-of-optimism.jpg/v1/veefriends/specials/book/frames/wood.png;ETH;0.110725;2022-06-18T09:53:12.940299Z
208717048;76116;https://res.cloudinary.com/nenvy-llc/image/upload/f_auto,q_25,c_scale,w_194/f_auto,q_25,c_scale,w_194,u_veefriends:specials:book:gold:empathy-drink-it.jpg/v1/veefriends/specials/book/frames/silver.png;ETH;0.1161;2022-06-18T09:53:24.641575Z
208234007;47077;https://res.cloudinary.com/nenvy-llc/image/upload/f_auto,q_25,c_scale,w_194/f_auto,q_25,c_scale,w_194,u_veefriends:specials:book:lava:humility-is-delicious.jpg/v1/veefriends/specials/book/frames/granite.png;ETH;0.11825;2022-06-18T09:53:34.341955Z
209053942;19907;https://res.cloudinary.com/nenvy-llc/image/upload/f_auto,q_25,c_scale,w_194/f_auto,q_25,c_scale,w_194,u_veefriends:specials:book:lava:curiosity-see-it-through.jpg/v1/veefriends/specials/book/frames/marble.png;ETH;0.11825;2022-06-18T09:53:43.67885Z
209054041;47645;https://res.cloudinary.com/nenvy-llc/image/upload/f_auto,q_25,c_scale,w_194/f_auto,q_25,c_scale,w_194,u_veefriends:specials:book:bubble:curiosity-see-it-through.jpg/v1/veefriends/specials/book/frames/marble.png;ETH;0.11825;2022-06-18T09:53:53.498055Z
208589890;1239;https://res.cloudinary.com/nenvy-llc/image/upload/f_auto,q_25,c_scale,w_194/f_auto,q_25,c_scale,w_194,u_veefriends:specials:book:gold:curiosity-see-it-through.jpg/v1/veefriends/specials/book/frames/galaxy.png;ETH;0.13975;2022-06-18T13:44:43.365167Z
206657212;92066;https://res.cloudinary.com/nenvy-llc/image/upload/f_auto,q_25,c_scale,w_194/f_auto,q_25,c_scale,w_194,u_veefriends:specials:book:lava:self-awa.jpg/v1/veefriends/specials/book/frames/galaxy.png;ETH;0.1416820437;2022-06-18T13:46:14.783341Z
209307430;20757;https://res.cloudinary.com/nenvy-llc/image/upload/f_auto,q_25,c_scale,w_194/f_auto,q_25,c_scale,w_194,u_veefriends:specials:book:diamond:self-awa.jpg/v1/veefriends/specials/book/frames/gold.png;ETH;0.1075;2022-06-18T15:26:32.698617Z
203160964;46941;https://res.cloudinary.com/nenvy-llc/image/upload/f_auto,q_25,c_scale,w_194/f_auto,q_25,c_scale,w_194,u_veefriends:specials:book:bubble:tenacity-helps-you-get-there.jpg/v1/veefriends/specials/book/frames/galaxy.png;ETH;0.26875;2022-06-18T15:56:47.408173Z
209257242;84306;https://res.cloudinary.com/nenvy-llc/image/upload/f_auto,q_25,c_scale,w_194/f_auto,q_25,c_scale,w_194,u_veefriends:specials:book:diamond:ambition-at-the-highest-level.jpg/v1/veefriends/specials/book/frames/clear.png;ETH;0.117175;2022-06-18T16:12:11.842776Z
209307453;93296;https://res.cloudinary.com/nenvy-llc/image/upload/f_auto,q_25,c_scale,w_194/f_auto,q_25,c_scale,w_194,u_veefriends:specials:book:lava:empathy-drink-it.jpg/v1/veefriends/specials/book/frames/clear.png;ETH;0.1075;2022-06-18T16:15:59.255988Z
209307389;8887;https://res.cloudinary.com/nenvy-llc/image/upload/f_auto,q_25,c_scale,w_194/f_auto,q_25,c_scale,w_194,u_veefriends:specials:book:bubble:love-of-optimism.jpg/v1/veefriends/specials/book/frames/black.png;ETH;0.1075;2022-06-18T16:29:03.95662Z
209257349;91029;https://res.cloudinary.com/nenvy-llc/image/upload/f_auto,q_25,c_scale,w_194/f_auto,q_25,c_scale,w_194,u_veefriends:specials:book:diamond:patience-helps-you-get-fed-instead-of-slaughtered.jpg/v1/veefriends/specials/book/frames/clear.png;ETH;0.117175;2022-06-18T17:32:45.248966Z
209257569;84313;https://res.cloudinary.com/nenvy-llc/image/upload/f_auto,q_25,c_scale,w_194/f_auto,q_25,c_scale,w_194,u_veefriends:specials:book:gold:love-of-optimism.jpg/v1/veefriends/specials/book/frames/clear.png;ETH;0.117175;2022-06-18T17:33:06.401061Z
209054002;4154;https://res.cloudinary.com/nenvy-llc/image/upload/f_auto,q_25,c_scale,w_194/f_auto,q_25,c_scale,w_194,u_veefriends:specials:book:bubble:curiosity-see-it-through.jpg/v1/veefriends/specials/book/frames/marble.png;ETH;0.11825;2022-06-18T17:34:19.174584Z
209054136;108624;https://res.cloudinary.com/nenvy-llc/image/upload/f_auto,q_25,c_scale,w_194/f_auto,q_25,c_scale,w_194,u_veefriends:specials:book:bubble:empathy-drink-it.jpg/v1/veefriends/specials/book/frames/marble.png;ETH;0.11825;2022-06-18T17:34:39.310999Z
209332982;33297;https://res.cloudinary.com/nenvy-llc/image/upload/f_auto,q_25,c_scale,w_194/f_auto,q_25,c_scale,w_194,u_veefriends:specials:book:lava:conviction-helps-you-grow.jpg/v1/veefriends/specials/book/frames/granite.png;ETH;0.2795;2022-06-18T17:41:02.019268Z
209394380;61500;https://res.cloudinary.com/nenvy-llc/image/upload/f_auto,q_25,c_scale,w_194/f_auto,q_25,c_scale,w_194,u_veefriends:specials:book:bubble:self-awa.jpg/v1/veefriends/specials/book/frames/black.png;ETH;0.11825;2022-06-18T23:32:05.042609Z
209394398;55086;https://res.cloudinary.com/nenvy-llc/image/upload/f_auto,q_25,c_scale,w_194/f_auto,q_25,c_scale,w_194,u_veefriends:specials:book:gold:curiosity-see-it-through.jpg/v1/veefriends/specials/book/frames/clear.png;ETH;0.11825;2022-06-18T23:32:19.073283Z
209394420;114394;https://res.cloudinary.com/nenvy-llc/image/upload/f_auto,q_25,c_scale,w_194/f_auto,q_25,c_scale,w_194,u_veefriends:specials:book:diamond:patience-helps-you-get-fed-instead-of-slaughtered.jpg/v1/veefriends/specials/book/frames/silver.png;ETH;0.11825;2022-06-18T23:32:33.725358Z
208869535;17334;https://res.cloudinary.com/nenvy-llc/image/upload/f_auto,q_25,c_scale,w_194/f_auto,q_25,c_scale,w_194,u_veefriends:specials:book:bubble:tenacity-helps-you-get-there.jpg/v1/veefriends/specials/book/frames/gold.png;ETH;0.1286775;2022-06-19T00:31:10.108407Z
209332932;33303;https://res.cloudinary.com/nenvy-llc/image/upload/f_auto,q_25,c_scale,w_194/f_auto,q_25,c_scale,w_194,u_veefriends:specials:book:lava:patience-helps-you-get-fed-instead-of-slaughtered.jpg/v1/veefriends/specials/book/frames/gold.png;ETH;0.11825;2022-06-19T02:40:24.849494Z
209054557;34874;https://res.cloudinary.com/nenvy-llc/image/upload/f_auto,q_25,c_scale,w_194/f_auto,q_25,c_scale,w_194,u_veefriends:specials:book:lava:tenacity-helps-you-get-there.jpg/v1/veefriends/specials/book/frames/gold.png;ETH;0.129;2022-06-19T02:42:17.616154Z
209412764;114397;https://res.cloudinary.com/nenvy-llc/image/upload/f_auto,q_25,c_scale,w_194/f_auto,q_25,c_scale,w_194,u_veefriends:specials:book:diamond:your-ability-to-be-accountable-counts.jpg/v1/veefriends/specials/book/frames/wood.png;ETH;0.11825;2022-06-19T02:46:00.763038Z
207046266;85390;https://res.cloudinary.com/nenvy-llc/image/upload/f_auto,q_25,c_scale,w_194/f_auto,q_25,c_scale,w_194,u_veefriends:specials:book:diamond:humility-is-delicious.jpg/v1/veefriends/specials/book/frames/gold.png;ETH;0.132225;2022-06-19T08:52:30.712043Z
209252466;58234;https://res.cloudinary.com/nenvy-llc/image/upload/f_auto,q_25,c_scale,w_194/f_auto,q_25,c_scale,w_194,u_veefriends:specials:book:gold:curiosity-see-it-through.jpg/v1/veefriends/specials/book/frames/pearl.png;ETH;0.3225;2022-06-19T11:32:29.583514Z
206656656;17713;https://res.cloudinary.com/nenvy-llc/image/upload/f_auto,q_25,c_scale,w_194/f_auto,q_25,c_scale,w_194,u_veefriends:specials:book:lava:your-ability-to-be-accountable-counts.jpg/v1/veefriends/specials/book/frames/galaxy.png;ETH;0.1416820437;2022-06-19T11:33:05.939465Z
209370261;3324;https://res.cloudinary.com/nenvy-llc/image/upload/f_auto,q_25,c_scale,w_194/f_auto,q_25,c_scale,w_194,u_veefriends:specials:book:lava:patience-helps-you-get-fed-instead-of-slaughtered.jpg/v1/veefriends/specials/book/frames/caviar.png;ETH;0.1381375;2022-06-19T11:33:33.329827Z
205937977;90240;https://res.cloudinary.com/nenvy-llc/image/upload/f_auto,q_25,c_scale,w_194/f_auto,q_25,c_scale,w_194,u_veefriends:specials:book:lava:love-of-optimism.jpg/v1/veefriends/specials/book/frames/rainbow.png;ETH;0.172;2022-06-19T11:34:22.232644Z
208233952;31346;https://res.cloudinary.com/nenvy-llc/image/upload/f_auto,q_25,c_scale,w_194/f_auto,q_25,c_scale,w_194,u_veefriends:specials:book:lava:your-ability-to-be-accountable-counts.jpg/v1/veefriends/specials/book/frames/granite.png;ETH;0.1183575;2022-06-19T11:50:41.667789Z
208234059;110753;https://res.cloudinary.com/nenvy-llc/image/upload/f_auto,q_25,c_scale,w_194/f_auto,q_25,c_scale,w_194,u_veefriends:specials:book:lava:humility-is-delicious.jpg/v1/veefriends/specials/book/frames/granite.png;ETH;0.118465;2022-06-19T11:51:19.105664Z
209054288;19853;https://res.cloudinary.com/nenvy-llc/image/upload/f_auto,q_25,c_scale,w_194/f_auto,q_25,c_scale,w_194,u_veefriends:specials:book:lava:self-awa.jpg/v1/veefriends/specials/book/frames/marble.png;ETH;0.11825;2022-06-19T12:05:00.981541Z
209054093;75004;https://res.cloudinary.com/nenvy-llc/image/upload/f_auto,q_25,c_scale,w_194/f_auto,q_25,c_scale,w_194,u_veefriends:specials:book:lava:curiosity-see-it-through.jpg/v1/veefriends/specials/book/frames/marble.png;ETH;0.11825;2022-06-19T13:51:01.251167Z
209552922;66662;https://res.cloudinary.com/nenvy-llc/image/upload/f_auto,q_25,c_scale,w_194/f_auto,q_25,c_scale,w_194,u_veefriends:specials:book:gold:empathy-drink-it.jpg/v1/veefriends/specials/book/frames/granite.png;ETH;0.112875;2022-06-19T16:07:54.70058Z
209553023;47019;https://res.cloudinary.com/nenvy-llc/image/upload/f_auto,q_25,c_scale,w_194/f_auto,q_25,c_scale,w_194,u_veefriends:specials:book:bubble:kind-fucking-candor.jpg/v1/veefriends/specials/book/frames/marble.png;ETH;0.112875;2022-06-19T16:08:19.755564Z
205708191;79315;https://res.cloudinary.com/nenvy-llc/image/upload/f_auto,q_25,c_scale,w_194/f_auto,q_25,c_scale,w_194,u_veefriends:specials:book:lava:your-ability-to-be-accountable-counts.jpg/v1/veefriends/specials/book/frames/caviar.png;ETH;0.18748;2022-06-19T18:30:23.803783Z
208413350;37284;https://res.cloudinary.com/nenvy-llc/image/upload/f_auto,q_25,c_scale,w_194/f_auto,q_25,c_scale,w_194,u_veefriends:specials:book:hologram:paper-hands-pony.jpg/v1/veefriends/specials/book/frames/fur.png;ETH;3.225;2022-06-19T18:48:49.27118Z
208330387;10918;https://res.cloudinary.com/nenvy-llc/image/upload/f_auto,q_25,c_scale,w_194/f_auto,q_25,c_scale,w_194,u_veefriends:specials:book:hologram:curiosity-see-it-through.jpg/v1/veefriends/specials/book/frames/black.png;ETH;0.16125;2022-06-19T20:47:59.839246Z
209054180;119325;https://res.cloudinary.com/nenvy-llc/image/upload/f_auto,q_25,c_scale,w_194/f_auto,q_25,c_scale,w_194,u_veefriends:specials:book:bubble:empathy-drink-it.jpg/v1/veefriends/specials/book/frames/marble.png;ETH;0.11825;2022-06-20T04:38:14.121649Z
209370133;3322;https://res.cloudinary.com/nenvy-llc/image/upload/f_auto,q_25,c_scale,w_194/f_auto,q_25,c_scale,w_194,u_veefriends:specials:book:bubble:empathy-drink-it.jpg/v1/veefriends/specials/book/frames/clear.png;ETH;0.11825;2022-06-20T04:38:30.426718Z
209136406;69141;https://res.cloudinary.com/nenvy-llc/image/upload/f_auto,q_25,c_scale,w_194/f_auto,q_25,c_scale,w_194,u_veefriends:specials:book:gold:kindness-over-everything.jpg/v1/veefriends/specials/book/frames/fur.png;ETH;0.13545;2022-06-20T06:48:21.336337Z
209368190;3319;https://res.cloudinary.com/nenvy-llc/image/upload/f_auto,q_25,c_scale,w_194/f_auto,q_25,c_scale,w_194,u_veefriends:specials:book:bubble:humility-is-delicious.jpg/v1/veefriends/specials/book/frames/pearl.png;ETH;0.299925;2022-06-20T13:11:51.303571Z
209419474;91941;https://res.cloudinary.com/nenvy-llc/image/upload/f_auto,q_25,c_scale,w_194/f_auto,q_25,c_scale,w_194,u_veefriends:specials:book:gold:humility-is-delicious.jpg/v1/veefriends/specials/book/frames/gold.png;ETH;0.1541163752;2022-06-20T14:02:22.96795Z
209767063;66849;https://res.cloudinary.com/nenvy-llc/image/upload/f_auto,q_25,c_scale,w_194/f_auto,q_25,c_scale,w_194,u_veefriends:specials:book:diamond:love-of-optimism.jpg/v1/veefriends/specials/book/frames/emerald.png;ETH;0.301;2022-06-20T17:02:20.258164Z
209733492;33542;https://res.cloudinary.com/nenvy-llc/image/upload/f_auto,q_25,c_scale,w_194/f_auto,q_25,c_scale,w_194,u_veefriends:specials:book:lava:self-awa.jpg/v1/veefriends/specials/book/frames/wood.png;ETH;0.11825;2022-06-20T20:33:02.071463Z
209738367;5488;https://res.cloudinary.com/nenvy-llc/image/upload/f_auto,q_25,c_scale,w_194/f_auto,q_25,c_scale,w_194,u_veefriends:specials:book:hologram:patience-helps-you-get-fed-instead-of-slaughtered.jpg/v1/veefriends/specials/book/frames/marble.png;ETH;0.161516835;2022-06-20T20:59:24.915056Z
209803333;99086;https://res.cloudinary.com/nenvy-llc/image/upload/f_auto,q_25,c_scale,w_194/f_auto,q_25,c_scale,w_194,u_veefriends:specials:book:hologram:kindness-over-everything.jpg/v1/veefriends/specials/book/frames/galaxy.png;ETH;0.213925;2022-06-20T22:10:14.528313Z
209851653;64143;https://res.cloudinary.com/nenvy-llc/image/upload/f_auto,q_25,c_scale,w_194/f_auto,q_25,c_scale,w_194,u_veefriends:specials:book:lava:self-awa.jpg/v1/veefriends/specials/book/frames/gold.png;ETH;0.1181425;2022-06-20T23:58:44.628599Z
209733613;69127;https://res.cloudinary.com/nenvy-llc/image/upload/f_auto,q_25,c_scale,w_194/f_auto,q_25,c_scale,w_194,u_veefriends:specials:book:diamond:kind-fucking-candor.jpg/v1/veefriends/specials/book/frames/wood.png;ETH;0.11825;2022-06-21T09:49:24.1981Z
209733342;76912;https://res.cloudinary.com/nenvy-llc/image/upload/f_auto,q_25,c_scale,w_194/f_auto,q_25,c_scale,w_194,u_veefriends:specials:book:bubble:tenacity-helps-you-get-there.jpg/v1/veefriends/specials/book/frames/wood.png;ETH;0.121475;2022-06-21T09:58:49.243841Z
209733569;71725;https://res.cloudinary.com/nenvy-llc/image/upload/f_auto,q_25,c_scale,w_194/f_auto,q_25,c_scale,w_194,u_veefriends:specials:book:lava:kindness-over-everything.jpg/v1/veefriends/specials/book/frames/wood.png;ETH;0.11825;2022-06-21T14:28:26.20029Z
210001656;86268;https://res.cloudinary.com/nenvy-llc/image/upload/f_auto,q_25,c_scale,w_194/f_auto,q_25,c_scale,w_194,u_veefriends:specials:book:lava:paper-hands-pony.jpg/v1/veefriends/specials/book/frames/black.png;ETH;1.935;2022-06-21T14:47:37.901051Z
200564197;44218;https://res.cloudinary.com/nenvy-llc/image/upload/f_auto,q_25,c_scale,w_194/f_auto,q_25,c_scale,w_194,u_veefriends:specials:book:lava:koala-2025.jpg/v1/veefriends/specials/book/frames/wood.png;ETH;2.5585;2022-06-21T16:24:22.096121Z
210058883;13149;https://res.cloudinary.com/nenvy-llc/image/upload/f_auto,q_25,c_scale,w_194/f_auto,q_25,c_scale,w_194,u_veefriends:specials:book:bubble:empathy-drink-it.jpg/v1/veefriends/specials/book/frames/silver.png;ETH;0.09675;2022-06-21T18:28:15.396135Z
